case,implementation,n,process,trial,elapsed_ns,operations,checksum,ns_per_operation
list_traverse,CJR,256,0,0,29102000,16777216,2139095040,1.734614372253418
list_traverse,Std,256,0,0,36744000,16777216,2139095040,2.190113067626953
list_traverse,Std,256,0,1,36707000,16777216,2139095040,2.1879076957702637
list_traverse,CJR,256,0,1,28960000,16777216,2139095040,1.7261505126953125
list_traverse,CJR,256,0,2,28988000,16777216,2139095040,1.7278194427490234
list_traverse,Std,256,0,2,36666000,16777216,2139095040,2.1854639053344727
list_traverse,Std,256,0,3,36735000,16777216,2139095040,2.1895766258239746
list_traverse,CJR,256,0,3,28904000,16777216,2139095040,1.7228126525878906
list_traverse,CJR,256,0,4,29248000,16777216,2139095040,1.743316650390625
list_traverse,Std,256,0,4,36577000,16777216,2139095040,2.180159091949463
list_traverse,Std,256,0,5,37075000,16777216,2139095040,2.2098422050476074
list_traverse,CJR,256,0,5,29109000,16777216,2139095040,1.7350316047668457
list_traverse,CJR,256,0,6,29403000,16777216,2139095040,1.7525553703308105
list_traverse,Std,256,0,6,36609000,16777216,2139095040,2.1820664405822754
list_build_scan,CJR,256,0,0,1141000,262144,33423360,4.352569580078125
list_build_scan,Std,256,0,0,3878000,262144,33423360,14.79339599609375
list_build_scan,Std,256,0,1,3995000,262144,33423360,15.239715576171875
list_build_scan,CJR,256,0,1,1169000,262144,33423360,4.459381103515625
list_build_scan,CJR,256,0,2,1147000,262144,33423360,4.375457763671875
list_build_scan,Std,256,0,2,3922000,262144,33423360,14.96124267578125
list_build_scan,Std,256,0,3,3932000,262144,33423360,14.9993896484375
list_build_scan,CJR,256,0,3,1109000,262144,33423360,4.230499267578125
list_build_scan,CJR,256,0,4,1137000,262144,33423360,4.337310791015625
list_build_scan,Std,256,0,4,3992000,262144,33423360,15.228271484375
list_build_scan,Std,256,0,5,3856000,262144,33423360,14.70947265625
list_build_scan,CJR,256,0,5,1093000,262144,33423360,4.169464111328125
list_build_scan,CJR,256,0,6,1053000,262144,33423360,4.016876220703125
list_build_scan,Std,256,0,6,3668000,262144,33423360,13.9923095703125
list_traverse,CJR,4096,0,0,34105000,16777216,34351349760,2.0328164100646973
list_traverse,Std,4096,0,0,20200000,8388608,17175674880,2.4080276489257812
list_traverse,Std,4096,0,1,20053000,8388608,17175674880,2.3905038833618164
list_traverse,CJR,4096,0,1,34485000,16777216,34351349760,2.0554661750793457
list_traverse,CJR,4096,0,2,34611000,16777216,34351349760,2.062976360321045
list_traverse,Std,4096,0,2,20034000,8388608,17175674880,2.3882389068603516
list_traverse,Std,4096,0,3,20104000,8388608,17175674880,2.3965835571289062
list_traverse,CJR,4096,0,3,34117000,16777216,34351349760,2.033531665802002
list_traverse,CJR,4096,0,4,33752000,16777216,34351349760,2.0117759704589844
list_traverse,Std,4096,0,4,19912000,8388608,17175674880,2.3736953735351562
list_traverse,Std,4096,0,5,20255000,8388608,17175674880,2.414584159851074
list_traverse,CJR,4096,0,5,33950000,16777216,34351349760,2.0235776901245117
list_traverse,CJR,4096,0,6,34919000,16777216,34351349760,2.0813345909118652
list_traverse,Std,4096,0,6,20051000,8388608,17175674880,2.390265464782715
list_build_scan,CJR,4096,0,0,1144000,262144,536739840,4.364013671875
list_build_scan,Std,4096,0,0,3896000,262144,536739840,14.862060546875
list_build_scan,Std,4096,0,1,3809000,262144,536739840,14.530181884765625
list_build_scan,CJR,4096,0,1,1140000,262144,536739840,4.3487548828125
list_build_scan,CJR,4096,0,2,1135000,262144,536739840,4.329681396484375
list_build_scan,Std,4096,0,2,3893000,262144,536739840,14.850616455078125
list_build_scan,Std,4096,0,3,3970000,262144,536739840,15.14434814453125
list_build_scan,CJR,4096,0,3,1183000,262144,536739840,4.512786865234375
list_build_scan,CJR,4096,0,4,1220000,262144,536739840,4.6539306640625
list_build_scan,Std,4096,0,4,3994000,262144,536739840,15.23590087890625
list_build_scan,Std,4096,0,5,4006000,262144,536739840,15.28167724609375
list_build_scan,CJR,4096,0,5,1135000,262144,536739840,4.329681396484375
list_build_scan,CJR,4096,0,6,1145000,262144,536739840,4.367828369140625
list_build_scan,Std,4096,0,6,3985000,262144,536739840,15.201568603515625
list_traverse,CJR,16384,0,0,29218000,16777216,137430564864,1.7415285110473633
list_traverse,Std,16384,0,0,36588000,16777216,137430564864,2.180814743041992
list_traverse,Std,16384,0,1,36766000,16777216,137430564864,2.1914243698120117
list_traverse,CJR,16384,0,1,30007000,16777216,137430564864,1.7885565757751465
list_traverse,CJR,16384,0,2,29516000,16777216,137430564864,1.7592906951904297
list_traverse,Std,16384,0,2,37125000,16777216,137430564864,2.212822437286377
list_traverse,Std,16384,0,3,36797000,16777216,137430564864,2.193272113800049
list_traverse,CJR,16384,0,3,29313000,16777216,137430564864,1.7471909523010254
list_traverse,CJR,16384,0,4,29570000,16777216,137430564864,1.7625093460083008
list_traverse,Std,16384,0,4,37094000,16777216,137430564864,2.21097469329834
list_traverse,Std,16384,0,5,36848000,16777216,137430564864,2.1963119506835938
list_traverse,CJR,16384,0,5,29362000,16777216,137430564864,1.7501115798950195
list_traverse,CJR,16384,0,6,29643000,16777216,137430564864,1.7668604850769043
list_traverse,Std,16384,0,6,36968000,16777216,137430564864,2.2034645080566406
list_build_scan,CJR,16384,0,0,1102000,262144,2147352576,4.20379638671875
list_build_scan,Std,16384,0,0,3896000,262144,2147352576,14.862060546875
list_build_scan,Std,16384,0,1,3773000,262144,2147352576,14.392852783203125
list_build_scan,CJR,16384,0,1,1089000,262144,2147352576,4.154205322265625
list_build_scan,CJR,16384,0,2,1086000,262144,2147352576,4.14276123046875
list_build_scan,Std,16384,0,2,3886000,262144,2147352576,14.82391357421875
list_build_scan,Std,16384,0,3,3935000,262144,2147352576,15.010833740234375
list_build_scan,CJR,16384,0,3,1138000,262144,2147352576,4.34112548828125
list_build_scan,CJR,16384,0,4,1171000,262144,2147352576,4.467010498046875
list_build_scan,Std,16384,0,4,3936000,262144,2147352576,15.0146484375
list_build_scan,Std,16384,0,5,3987000,262144,2147352576,15.209197998046875
list_build_scan,CJR,16384,0,5,1162000,262144,2147352576,4.43267822265625
list_build_scan,CJR,16384,0,6,1143000,262144,2147352576,4.360198974609375
list_build_scan,Std,16384,0,6,3947000,262144,2147352576,15.056610107421875
list_traverse,CJR,256,1,0,28737000,16777216,2139095040,1.7128586769104004
list_traverse,Std,256,1,0,36228000,16777216,2139095040,2.1593570709228516
list_traverse,Std,256,1,1,37364000,16777216,2139095040,2.2270679473876953
list_traverse,CJR,256,1,1,28838000,16777216,2139095040,1.7188787460327148
list_traverse,CJR,256,1,2,28890000,16777216,2139095040,1.7219781875610352
list_traverse,Std,256,1,2,36363000,16777216,2139095040,2.1674036979675293
list_traverse,Std,256,1,3,36478000,16777216,2139095040,2.174258232116699
list_traverse,CJR,256,1,3,28482000,16777216,2139095040,1.6976594924926758
list_traverse,CJR,256,1,4,28939000,16777216,2139095040,1.7248988151550293
list_traverse,Std,256,1,4,36385000,16777216,2139095040,2.168715000152588
list_traverse,Std,256,1,5,36897000,16777216,2139095040,2.199232578277588
list_traverse,CJR,256,1,5,28737000,16777216,2139095040,1.7128586769104004
list_traverse,CJR,256,1,6,28932000,16777216,2139095040,1.7244815826416016
list_traverse,Std,256,1,6,36603000,16777216,2139095040,2.181708812713623
list_build_scan,CJR,256,1,0,1048000,262144,33423360,3.997802734375
list_build_scan,Std,256,1,0,3801000,262144,33423360,14.499664306640625
list_build_scan,Std,256,1,1,3891000,262144,33423360,14.842987060546875
list_build_scan,CJR,256,1,1,1114000,262144,33423360,4.24957275390625
list_build_scan,CJR,256,1,2,1072000,262144,33423360,4.08935546875
list_build_scan,Std,256,1,2,3848000,262144,33423360,14.678955078125
list_build_scan,Std,256,1,3,3898000,262144,33423360,14.86968994140625
list_build_scan,CJR,256,1,3,1095000,262144,33423360,4.177093505859375
list_build_scan,CJR,256,1,4,1073000,262144,33423360,4.093170166015625
list_build_scan,Std,256,1,4,3873000,262144,33423360,14.774322509765625
list_build_scan,Std,256,1,5,3854000,262144,33423360,14.70184326171875
list_build_scan,CJR,256,1,5,1080000,262144,33423360,4.119873046875
list_build_scan,CJR,256,1,6,1080000,262144,33423360,4.119873046875
list_build_scan,Std,256,1,6,3810000,262144,33423360,14.53399658203125
list_traverse,CJR,4096,1,0,29517000,16777216,34351349760,1.759350299835205
list_traverse,Std,4096,1,0,36724000,16777216,34351349760,2.1889209747314453
list_traverse,Std,4096,1,1,36720000,16777216,34351349760,2.1886825561523438
list_traverse,CJR,4096,1,1,29490000,16777216,34351349760,1.7577409744262695
list_traverse,CJR,4096,1,2,29650000,16777216,34351349760,1.767277717590332
list_traverse,Std,4096,1,2,36816000,16777216,34351349760,2.1944046020507812
list_traverse,Std,4096,1,3,37327000,16777216,34351349760,2.224862575531006
list_traverse,CJR,4096,1,3,29565000,16777216,34351349760,1.7622113227844238
list_traverse,CJR,4096,1,4,29677000,16777216,34351349760,1.7688870429992676
list_traverse,Std,4096,1,4,36901000,16777216,34351349760,2.1994709968566895
list_traverse,Std,4096,1,5,36780000,16777216,34351349760,2.192258834838867
list_traverse,CJR,4096,1,5,29464000,16777216,34351349760,1.7561912536621094
list_traverse,CJR,4096,1,6,29737000,16777216,34351349760,1.772463321685791
list_traverse,Std,4096,1,6,37526000,16777216,34351349760,2.2367238998413086
list_build_scan,CJR,4096,1,0,958000,262144,536739840,3.65447998046875
list_build_scan,Std,4096,1,0,3580000,262144,536739840,13.6566162109375
list_build_scan,Std,4096,1,1,3546000,262144,536739840,13.52691650390625
list_build_scan,CJR,4096,1,1,952000,262144,536739840,3.631591796875
list_build_scan,CJR,4096,1,2,936000,262144,536739840,3.570556640625
list_build_scan,Std,4096,1,2,3674000,262144,536739840,14.01519775390625
list_build_scan,Std,4096,1,3,3887000,262144,536739840,14.827728271484375
list_build_scan,CJR,4096,1,3,1048000,262144,536739840,3.997802734375
list_build_scan,CJR,4096,1,4,1042000,262144,536739840,3.97491455078125
list_build_scan,Std,4096,1,4,3580000,262144,536739840,13.6566162109375
list_build_scan,Std,4096,1,5,3833000,262144,536739840,14.621734619140625
list_build_scan,CJR,4096,1,5,1149000,262144,536739840,4.383087158203125
list_build_scan,CJR,4096,1,6,1161000,262144,536739840,4.428863525390625
list_build_scan,Std,4096,1,6,3886000,262144,536739840,14.82391357421875
list_traverse,CJR,16384,1,0,29955000,16777216,137430564864,1.7854571342468262
list_traverse,Std,16384,1,0,36730000,16777216,137430564864,2.1892786026000977
list_traverse,Std,16384,1,1,36682000,16777216,137430564864,2.186417579650879
list_traverse,CJR,16384,1,1,29246000,16777216,137430564864,1.7431974411010742
list_traverse,CJR,16384,1,2,29399000,16777216,137430564864,1.752316951751709
list_traverse,Std,16384,1,2,36856000,16777216,137430564864,2.196788787841797
list_traverse,Std,16384,1,3,37458000,16777216,137430564864,2.232670783996582
list_traverse,CJR,16384,1,3,29327000,16777216,137430564864,1.7480254173278809
list_traverse,CJR,16384,1,4,30044000,16777216,137430564864,1.790761947631836
list_traverse,Std,16384,1,4,37548000,16777216,137430564864,2.238035202026367
list_traverse,Std,16384,1,5,37386000,16777216,137430564864,2.228379249572754
list_traverse,CJR,16384,1,5,29809000,16777216,137430564864,1.7767548561096191
list_traverse,CJR,16384,1,6,29597000,16777216,137430564864,1.7641186714172363
list_traverse,Std,16384,1,6,37051000,16777216,137430564864,2.208411693572998
list_build_scan,CJR,16384,1,0,1118000,262144,2147352576,4.26483154296875
list_build_scan,Std,16384,1,0,3889000,262144,2147352576,14.835357666015625
list_build_scan,Std,16384,1,1,3848000,262144,2147352576,14.678955078125
list_build_scan,CJR,16384,1,1,1098000,262144,2147352576,4.18853759765625
list_build_scan,CJR,16384,1,2,1100000,262144,2147352576,4.1961669921875
list_build_scan,Std,16384,1,2,3804000,262144,2147352576,14.5111083984375
list_build_scan,Std,16384,1,3,3883000,262144,2147352576,14.812469482421875
list_build_scan,CJR,16384,1,3,1148000,262144,2147352576,4.3792724609375
list_build_scan,CJR,16384,1,4,1171000,262144,2147352576,4.467010498046875
list_build_scan,Std,16384,1,4,3719000,262144,2147352576,14.186859130859375
list_build_scan,Std,16384,1,5,3785000,262144,2147352576,14.438629150390625
list_build_scan,CJR,16384,1,5,1135000,262144,2147352576,4.329681396484375
list_build_scan,CJR,16384,1,6,1083000,262144,2147352576,4.131317138671875
list_build_scan,Std,16384,1,6,3804000,262144,2147352576,14.5111083984375
list_traverse,CJR,256,2,0,29019000,16777216,2139095040,1.7296671867370605
list_traverse,Std,256,2,0,37064000,16777216,2139095040,2.209186553955078
list_traverse,Std,256,2,1,37361000,16777216,2139095040,2.226889133453369
list_traverse,CJR,256,2,1,28976000,16777216,2139095040,1.7271041870117188
list_traverse,CJR,256,2,2,29162000,16777216,2139095040,1.7381906509399414
list_traverse,Std,256,2,2,36683000,16777216,2139095040,2.1864771842956543
list_traverse,Std,256,2,3,36983000,16777216,2139095040,2.2043585777282715
list_traverse,CJR,256,2,3,28860000,16777216,2139095040,1.7201900482177734
list_traverse,CJR,256,2,4,29062000,16777216,2139095040,1.7322301864624023
list_traverse,Std,256,2,4,36392000,16777216,2139095040,2.1691322326660156
list_traverse,Std,256,2,5,37059000,16777216,2139095040,2.208888530731201
list_traverse,CJR,256,2,5,29089000,16777216,2139095040,1.733839511871338
list_traverse,CJR,256,2,6,29060000,16777216,2139095040,1.7321109771728516
list_traverse,Std,256,2,6,36901000,16777216,2139095040,2.1994709968566895
list_build_scan,CJR,256,2,0,1167000,262144,33423360,4.451751708984375
list_build_scan,Std,256,2,0,3955000,262144,33423360,15.087127685546875
list_build_scan,Std,256,2,1,3988000,262144,33423360,15.2130126953125
list_build_scan,CJR,256,2,1,1149000,262144,33423360,4.383087158203125
list_build_scan,CJR,256,2,2,1168000,262144,33423360,4.45556640625
list_build_scan,Std,256,2,2,4010000,262144,33423360,15.29693603515625
list_build_scan,Std,256,2,3,3992000,262144,33423360,15.228271484375
list_build_scan,CJR,256,2,3,1140000,262144,33423360,4.3487548828125
list_build_scan,CJR,256,2,4,1122000,262144,33423360,4.28009033203125
list_build_scan,Std,256,2,4,3982000,262144,33423360,15.19012451171875
list_build_scan,Std,256,2,5,3976000,262144,33423360,15.167236328125
list_build_scan,CJR,256,2,5,1133000,262144,33423360,4.322052001953125
list_build_scan,CJR,256,2,6,1148000,262144,33423360,4.3792724609375
list_build_scan,Std,256,2,6,4052000,262144,33423360,15.4571533203125
list_traverse,CJR,4096,2,0,29478000,16777216,34351349760,1.7570257186889648
list_traverse,Std,4096,2,0,37170000,16777216,34351349760,2.2155046463012695
list_traverse,Std,4096,2,1,37370000,16777216,34351349760,2.2274255752563477
list_traverse,CJR,4096,2,1,29468000,16777216,34351349760,1.756429672241211
list_traverse,CJR,4096,2,2,29625000,16777216,34351349760,1.7657876014709473
list_traverse,Std,4096,2,2,37090000,16777216,34351349760,2.2107362747192383
list_traverse,Std,4096,2,3,37314000,16777216,34351349760,2.224087715148926
list_traverse,CJR,4096,2,3,29508000,16777216,34351349760,1.7588138580322266
list_traverse,CJR,4096,2,4,29748000,16777216,34351349760,1.7731189727783203
list_traverse,Std,4096,2,4,37627000,16777216,34351349760,2.242743968963623
list_traverse,Std,4096,2,5,36716000,16777216,34351349760,2.188444137573242
list_traverse,CJR,4096,2,5,29823000,16777216,34351349760,1.7775893211364746
list_traverse,CJR,4096,2,6,29716000,16777216,34351349760,1.7712116241455078
list_traverse,Std,4096,2,6,36822000,16777216,34351349760,2.1947622299194336
list_build_scan,CJR,4096,2,0,974000,262144,536739840,3.71551513671875
list_build_scan,Std,4096,2,0,3568000,262144,536739840,13.61083984375
list_build_scan,Std,4096,2,1,3479000,262144,536739840,13.271331787109375
list_build_scan,CJR,4096,2,1,943000,262144,536739840,3.597259521484375
list_build_scan,CJR,4096,2,2,947000,262144,536739840,3.612518310546875
list_build_scan,Std,4096,2,2,3462000,262144,536739840,13.20648193359375
list_build_scan,Std,4096,2,3,3510000,262144,536739840,13.38958740234375
list_build_scan,CJR,4096,2,3,927000,262144,536739840,3.536224365234375
list_build_scan,CJR,4096,2,4,930000,262144,536739840,3.54766845703125
list_build_scan,Std,4096,2,4,3460000,262144,536739840,13.1988525390625
list_build_scan,Std,4096,2,5,3526000,262144,536739840,13.45062255859375
list_build_scan,CJR,4096,2,5,1041000,262144,536739840,3.971099853515625
list_build_scan,CJR,4096,2,6,1111000,262144,536739840,4.238128662109375
list_build_scan,Std,4096,2,6,3743000,262144,536739840,14.278411865234375
list_traverse,CJR,16384,2,0,30893000,16777216,137430564864,1.8413662910461426
list_traverse,Std,16384,2,0,38806000,16777216,137430564864,2.3130178451538086
list_traverse,Std,16384,2,1,38534000,16777216,137430564864,2.2968053817749023
list_traverse,CJR,16384,2,1,30306000,16777216,137430564864,1.8063783645629883
list_traverse,CJR,16384,2,2,30519000,16777216,137430564864,1.8190741539001465
list_traverse,Std,16384,2,2,38392000,16777216,137430564864,2.288341522216797
list_traverse,Std,16384,2,3,37682000,16777216,137430564864,2.2460222244262695
list_traverse,CJR,16384,2,3,30322000,16777216,137430564864,1.8073320388793945
list_traverse,CJR,16384,2,4,30683000,16777216,137430564864,1.8288493156433105
list_traverse,Std,16384,2,4,38340000,16777216,137430564864,2.2852420806884766
list_traverse,Std,16384,2,5,38424000,16777216,137430564864,2.2902488708496094
list_traverse,CJR,16384,2,5,30090000,16777216,137430564864,1.793503761291504
list_traverse,CJR,16384,2,6,30378000,16777216,137430564864,1.8106698989868164
list_traverse,Std,16384,2,6,38010000,16777216,137430564864,2.2655725479125977
list_build_scan,CJR,16384,2,0,1110000,262144,2147352576,4.23431396484375
list_build_scan,Std,16384,2,0,3942000,262144,2147352576,15.03753662109375
list_build_scan,Std,16384,2,1,4094000,262144,2147352576,15.61737060546875
list_build_scan,CJR,16384,2,1,1155000,262144,2147352576,4.405975341796875
list_build_scan,CJR,16384,2,2,1159000,262144,2147352576,4.421234130859375
list_build_scan,Std,16384,2,2,3975000,262144,2147352576,15.163421630859375
list_build_scan,Std,16384,2,3,3952000,262144,2147352576,15.07568359375
list_build_scan,CJR,16384,2,3,1162000,262144,2147352576,4.43267822265625
list_build_scan,CJR,16384,2,4,1130000,262144,2147352576,4.31060791015625
list_build_scan,Std,16384,2,4,3962000,262144,2147352576,15.11383056640625
list_build_scan,Std,16384,2,5,3752000,262144,2147352576,14.312744140625
list_build_scan,CJR,16384,2,5,1087000,262144,2147352576,4.146575927734375
list_build_scan,CJR,16384,2,6,1061000,262144,2147352576,4.047393798828125
list_build_scan,Std,16384,2,6,3787000,262144,2147352576,14.446258544921875
array_read,CJR,256,0,0,16492000,16777216,2139095040,0.9829998016357422
array_read,Std,256,0,0,11079000,16777216,2139095040,0.6603598594665527
array_read,Std,256,0,1,11185000,16777216,2139095040,0.6666779518127441
array_read,CJR,256,0,1,16430000,16777216,2139095040,0.979304313659668
array_read,CJR,256,0,2,16431000,16777216,2139095040,0.9793639183044434
array_read,Std,256,0,2,10921000,16777216,2139095040,0.650942325592041
array_read,Std,256,0,3,11037000,16777216,2139095040,0.6578564643859863
array_read,CJR,256,0,3,16870000,16777216,2139095040,1.0055303573608398
array_read,CJR,256,0,4,16344000,16777216,2139095040,0.9741783142089844
array_read,Std,256,0,4,10945000,16777216,2139095040,0.6523728370666504
array_read,Std,256,0,5,11050000,16777216,2139095040,0.6586313247680664
array_read,CJR,256,0,5,16612000,16777216,2139095040,0.9901523590087891
array_read,CJR,256,0,6,16684000,16777216,2139095040,0.9944438934326172
array_read,Std,256,0,6,10969000,16777216,2139095040,0.6538033485412598
array_write_read,CJR,256,0,0,26659000,33554432,6417285120,0.7945001125335693
array_write_read,Std,256,0,0,17988000,33554432,6417285120,0.5360841751098633
array_write_read,Std,256,0,1,17886000,33554432,6417285120,0.5330443382263184
array_write_read,CJR,256,0,1,27172000,33554432,6417285120,0.809788703918457
array_write_read,CJR,256,0,2,25890000,33554432,6417285120,0.7715821266174316
array_write_read,Std,256,0,2,18177000,33554432,6417285120,0.5417168140411377
array_write_read,Std,256,0,3,18338000,33554432,6417285120,0.5465149879455566
array_write_read,CJR,256,0,3,25622000,33554432,6417285120,0.7635951042175293
array_write_read,CJR,256,0,4,25607000,33554432,6417285120,0.7631480693817139
array_write_read,Std,256,0,4,18026000,33554432,6417285120,0.5372166633605957
array_write_read,Std,256,0,5,17977000,33554432,6417285120,0.5357563495635986
array_write_read,CJR,256,0,5,25680000,33554432,6417285120,0.7653236389160156
array_write_read,CJR,256,0,6,25852000,33554432,6417285120,0.7704496383666992
array_write_read,Std,256,0,6,17967000,33554432,6417285120,0.5354583263397217
array_read,CJR,4096,0,0,32858000,33554432,68702699520,0.9792447090148926
array_read,Std,4096,0,0,21386000,33554432,68702699520,0.637352466583252
array_read,Std,4096,0,1,21665000,33554432,68702699520,0.645667314529419
array_read,CJR,4096,0,1,31975000,33554432,68702699520,0.9529292583465576
array_read,CJR,4096,0,2,32154000,33554432,68702699520,0.9582638740539551
array_read,Std,4096,0,2,21502000,33554432,68702699520,0.6408095359802246
array_read,Std,4096,0,3,21586000,33554432,68702699520,0.643312931060791
array_read,CJR,4096,0,3,32371000,33554432,68702699520,0.964730978012085
array_read,CJR,4096,0,4,32252000,33554432,68702699520,0.9611845016479492
array_read,Std,4096,0,4,21373000,33554432,68702699520,0.6369650363922119
array_read,Std,4096,0,5,21545000,33554432,68702699520,0.6420910358428955
array_read,CJR,4096,0,5,32451000,33554432,68702699520,0.9671151638031006
array_read,CJR,4096,0,6,32824000,33554432,68702699520,0.9782314300537109
array_read,Std,4096,0,6,21162000,33554432,68702699520,0.6306767463684082
array_write_read,CJR,4096,0,0,24903000,33554432,103054049280,0.7421672344207764
array_write_read,Std,4096,0,0,34938000,67108864,206108098560,0.5206167697906494
array_write_read,Std,4096,0,1,34841000,67108864,206108098560,0.5191713571548462
array_write_read,CJR,4096,0,1,25152000,33554432,103054049280,0.7495880126953125
array_write_read,CJR,4096,0,2,25046000,33554432,103054049280,0.7464289665222168
array_write_read,Std,4096,0,2,35097000,67108864,206108098560,0.5229860544204712
array_write_read,Std,4096,0,3,34844000,67108864,206108098560,0.5192160606384277
array_write_read,CJR,4096,0,3,25175000,33554432,103054049280,0.7502734661102295
array_write_read,CJR,4096,0,4,24844000,33554432,103054049280,0.7404088973999023
array_write_read,Std,4096,0,4,35098000,67108864,206108098560,0.523000955581665
array_write_read,Std,4096,0,5,34758000,67108864,206108098560,0.5179345607757568
array_write_read,CJR,4096,0,5,25335000,33554432,103054049280,0.7550418376922607
array_write_read,CJR,4096,0,6,25488000,33554432,103054049280,0.7596015930175781
array_write_read,Std,4096,0,6,35075000,67108864,206108098560,0.5226582288742065
array_read,CJR,65536,0,0,32995000,33554432,1099494850560,0.9833276271820068
array_read,Std,65536,0,0,26916000,33554432,1099494850560,0.802159309387207
array_read,Std,65536,0,1,26955000,33554432,1099494850560,0.8033215999603271
array_read,CJR,65536,0,1,32810000,33554432,1099494850560,0.9778141975402832
array_read,CJR,65536,0,2,32650000,33554432,1099494850560,0.973045825958252
array_read,Std,65536,0,2,26753000,33554432,1099494850560,0.7973015308380127
array_read,Std,65536,0,3,27204000,33554432,1099494850560,0.8107423782348633
array_read,CJR,65536,0,3,32911000,33554432,1099494850560,0.9808242321014404
array_read,CJR,65536,0,4,32608000,33554432,1099494850560,0.9717941284179688
array_read,Std,65536,0,4,26860000,33554432,1099494850560,0.8004903793334961
array_read,Std,65536,0,5,27123000,33554432,1099494850560,0.80832839012146
array_read,CJR,65536,0,5,32722000,33554432,1099494850560,0.975191593170166
array_read,CJR,65536,0,6,32980000,33554432,1099494850560,0.9828805923461914
array_read,Std,65536,0,6,26829000,33554432,1099494850560,0.7995665073394775
array_write_read,CJR,65536,0,0,31023000,33554432,1649242275840,0.9245574474334717
array_write_read,Std,65536,0,0,38008000,67108864,3298484551680,0.5663633346557617
array_write_read,Std,65536,0,1,38212000,67108864,3298484551680,0.5694031715393066
array_write_read,CJR,65536,0,1,30595000,33554432,1649242275840,0.9118020534515381
array_write_read,CJR,65536,0,2,30549000,33554432,1649242275840,0.9104311466217041
array_write_read,Std,65536,0,2,39185000,67108864,3298484551680,0.5839020013809204
array_write_read,Std,65536,0,3,38026000,67108864,3298484551680,0.566631555557251
array_write_read,CJR,65536,0,3,30861000,33554432,1649242275840,0.919729471206665
array_write_read,CJR,65536,0,4,30747000,33554432,1649242275840,0.9163320064544678
array_write_read,Std,65536,0,4,38210000,67108864,3298484551680,0.569373369216919
array_write_read,Std,65536,0,5,37847000,67108864,3298484551680,0.5639642477035522
array_write_read,CJR,65536,0,5,30751000,33554432,1649242275840,0.9164512157440186
array_write_read,CJR,65536,0,6,31125000,33554432,1649242275840,0.9275972843170166
array_write_read,Std,65536,0,6,37989000,67108864,3298484551680,0.5660802125930786
array_read,CJR,256,1,0,16451000,16777216,2139095040,0.9805560111999512
array_read,Std,256,1,0,11008000,16777216,2139095040,0.6561279296875
array_read,Std,256,1,1,11010000,16777216,2139095040,0.6562471389770508
array_read,CJR,256,1,1,16527000,16777216,2139095040,0.9850859642028809
array_read,CJR,256,1,2,16714000,16777216,2139095040,0.9962320327758789
array_read,Std,256,1,2,11416000,16777216,2139095040,0.6804466247558594
array_read,Std,256,1,3,11308000,16777216,2139095040,0.6740093231201172
array_read,CJR,256,1,3,16835000,16777216,2139095040,1.0034441947937012
array_read,CJR,256,1,4,16325000,16777216,2139095040,0.973045825958252
array_read,Std,256,1,4,10989000,16777216,2139095040,0.6549954414367676
array_read,Std,256,1,5,11309000,16777216,2139095040,0.6740689277648926
array_read,CJR,256,1,5,16610000,16777216,2139095040,0.9900331497192383
array_read,CJR,256,1,6,16467000,16777216,2139095040,0.9815096855163574
array_read,Std,256,1,6,11101000,16777216,2139095040,0.6616711616516113
array_write_read,CJR,256,1,0,26786000,33554432,6417285120,0.7982850074768066
array_write_read,Std,256,1,0,18085000,33554432,6417285120,0.5389750003814697
array_write_read,Std,256,1,1,18469000,33554432,6417285120,0.5504190921783447
array_write_read,CJR,256,1,1,25708000,33554432,6417285120,0.7661581039428711
array_write_read,CJR,256,1,2,25541000,33554432,6417285120,0.761181116104126
array_write_read,Std,256,1,2,17972000,33554432,6417285120,0.5356073379516602
array_write_read,Std,256,1,3,18262000,33554432,6417285120,0.5442500114440918
array_write_read,CJR,256,1,3,25792000,33554432,6417285120,0.7686614990234375
array_write_read,CJR,256,1,4,25770000,33554432,6417285120,0.7680058479309082
array_write_read,Std,256,1,4,18036000,33554432,6417285120,0.5375146865844727
array_write_read,Std,256,1,5,18389000,33554432,6417285120,0.5480349063873291
array_write_read,CJR,256,1,5,25584000,33554432,6417285120,0.7624626159667969
array_write_read,CJR,256,1,6,25985000,33554432,6417285120,0.7744133472442627
array_write_read,Std,256,1,6,17966000,33554432,6417285120,0.535428524017334
array_read,CJR,4096,1,0,32346000,33554432,68702699520,0.9639859199523926
array_read,Std,4096,1,0,21416000,33554432,68702699520,0.6382465362548828
array_read,Std,4096,1,1,21600000,33554432,68702699520,0.6437301635742188
array_read,CJR,4096,1,1,32266000,33554432,68702699520,0.961601734161377
array_read,CJR,4096,1,2,32146000,33554432,68702699520,0.9580254554748535
array_read,Std,4096,1,2,21690000,33554432,68702699520,0.6464123725891113
array_read,Std,4096,1,3,21483000,33554432,68702699520,0.6402432918548584
array_read,CJR,4096,1,3,32366000,33554432,68702699520,0.9645819664001465
array_read,CJR,4096,1,4,32395000,33554432,68702699520,0.9654462337493896
array_read,Std,4096,1,4,21484000,33554432,68702699520,0.6402730941772461
array_read,Std,4096,1,5,21743000,33554432,68702699520,0.6479918956756592
array_read,CJR,4096,1,5,32523000,33554432,68702699520,0.9692609310150146
array_read,CJR,4096,1,6,32728000,33554432,68702699520,0.9753704071044922
array_read,Std,4096,1,6,21412000,33554432,68702699520,0.638127326965332
array_write_read,CJR,4096,1,0,25484000,33554432,103054049280,0.7594823837280273
array_write_read,Std,4096,1,0,35160000,67108864,206108098560,0.5239248275756836
array_write_read,Std,4096,1,1,34654000,67108864,206108098560,0.5163848400115967
array_write_read,CJR,4096,1,1,24914000,33554432,103054049280,0.742495059967041
array_write_read,CJR,4096,1,2,25320000,33554432,103054049280,0.7545948028564453
array_write_read,Std,4096,1,2,35067000,67108864,206108098560,0.5225390195846558
array_write_read,Std,4096,1,3,35116000,67108864,206108098560,0.5232691764831543
array_write_read,CJR,4096,1,3,25262000,33554432,103054049280,0.752866268157959
array_write_read,CJR,4096,1,4,25507000,33554432,103054049280,0.7601678371429443
array_write_read,Std,4096,1,4,34971000,67108864,206108098560,0.5211085081100464
array_write_read,Std,4096,1,5,35177000,67108864,206108098560,0.524178147315979
array_write_read,CJR,4096,1,5,25609000,33554432,103054049280,0.7632076740264893
array_write_read,CJR,4096,1,6,24900000,33554432,103054049280,0.7420778274536133
array_write_read,Std,4096,1,6,34779000,67108864,206108098560,0.5182474851608276
array_read,CJR,65536,1,0,32842000,33554432,1099494850560,0.9787678718566895
array_read,Std,65536,1,0,26972000,33554432,1099494850560,0.803828239440918
array_read,Std,65536,1,1,27025000,33554432,1099494850560,0.8054077625274658
array_read,CJR,65536,1,1,33234000,33554432,1099494850560,0.990450382232666
array_read,CJR,65536,1,2,33404000,33554432,1099494850560,0.9955167770385742
array_read,Std,65536,1,2,26969000,33554432,1099494850560,0.8037388324737549
array_read,Std,65536,1,3,27471000,33554432,1099494850560,0.8186995983123779
array_read,CJR,65536,1,3,33065000,33554432,1099494850560,0.9854137897491455
array_read,CJR,65536,1,4,32888000,33554432,1099494850560,0.9801387786865234
array_read,Std,65536,1,4,27185000,33554432,1099494850560,0.8101761341094971
array_read,Std,65536,1,5,27071000,33554432,1099494850560,0.8067786693572998
array_read,CJR,65536,1,5,33075000,33554432,1099494850560,0.9857118129730225
array_read,CJR,65536,1,6,32888000,33554432,1099494850560,0.9801387786865234
array_read,Std,65536,1,6,26945000,33554432,1099494850560,0.8030235767364502
array_write_read,CJR,65536,1,0,30521000,33554432,1649242275840,0.9095966815948486
array_write_read,Std,65536,1,0,38089000,67108864,3298484551680,0.5675703287124634
array_write_read,Std,65536,1,1,38408000,67108864,3298484551680,0.5723237991333008
array_write_read,CJR,65536,1,1,31176000,33554432,1649242275840,0.9291172027587891
array_write_read,CJR,65536,1,2,30928000,33554432,1649242275840,0.9217262268066406
array_write_read,Std,65536,1,2,37866000,67108864,3298484551680,0.5642473697662354
array_write_read,Std,65536,1,3,38362000,67108864,3298484551680,0.5716383457183838
array_write_read,CJR,65536,1,3,30722000,33554432,1649242275840,0.9155869483947754
array_write_read,CJR,65536,1,4,30626000,33554432,1649242275840,0.9127259254455566
array_write_read,Std,65536,1,4,39139000,67108864,3298484551680,0.5832165479660034
array_write_read,Std,65536,1,5,38181000,67108864,3298484551680,0.5689412355422974
array_write_read,CJR,65536,1,5,30938000,33554432,1649242275840,0.9220242500305176
array_write_read,CJR,65536,1,6,30673000,33554432,1649242275840,0.9141266345977783
array_write_read,Std,65536,1,6,38084000,67108864,3298484551680,0.5674958229064941
array_read,CJR,256,2,0,16433000,16777216,2139095040,0.9794831275939941
array_read,Std,256,2,0,11091000,16777216,2139095040,0.6610751152038574
array_read,Std,256,2,1,11302000,16777216,2139095040,0.6736516952514648
array_read,CJR,256,2,1,16528000,16777216,2139095040,0.9851455688476562
array_read,CJR,256,2,2,16668000,16777216,2139095040,0.9934902191162109
array_read,Std,256,2,2,11012000,16777216,2139095040,0.6563663482666016
array_read,Std,256,2,3,11081000,16777216,2139095040,0.6604790687561035
array_read,CJR,256,2,3,16819000,16777216,2139095040,1.002490520477295
array_read,CJR,256,2,4,16302000,16777216,2139095040,0.971674919128418
array_read,Std,256,2,4,11038000,16777216,2139095040,0.6579160690307617
array_read,Std,256,2,5,11130000,16777216,2139095040,0.6633996963500977
array_read,CJR,256,2,5,16524000,16777216,2139095040,0.9849071502685547
array_read,CJR,256,2,6,16397000,16777216,2139095040,0.9773373603820801
array_read,Std,256,2,6,11084000,16777216,2139095040,0.6606578826904297
array_write_read,CJR,256,2,0,25793000,33554432,6417285120,0.7686913013458252
array_write_read,Std,256,2,0,18426000,33554432,6417285120,0.5491375923156738
array_write_read,Std,256,2,1,18259000,33554432,6417285120,0.5441606044769287
array_write_read,CJR,256,2,1,25997000,33554432,6417285120,0.774770975112915
array_write_read,CJR,256,2,2,26396000,33554432,6417285120,0.7866621017456055
array_write_read,Std,256,2,2,17846000,33554432,6417285120,0.5318522453308105
array_write_read,Std,256,2,3,18102000,33554432,6417285120,0.5394816398620605
array_write_read,CJR,256,2,3,26846000,33554432,6417285120,0.8000731468200684
array_write_read,CJR,256,2,4,26258000,33554432,6417285120,0.7825493812561035
array_write_read,Std,256,2,4,18186000,33554432,6417285120,0.541985034942627
array_write_read,Std,256,2,5,17905000,33554432,6417285120,0.5336105823516846
array_write_read,CJR,256,2,5,27957000,33554432,6417285120,0.8331835269927979
array_write_read,CJR,256,2,6,25883000,33554432,6417285120,0.7713735103607178
array_write_read,Std,256,2,6,17837000,33554432,6417285120,0.5315840244293213
array_read,CJR,4096,2,0,32638000,33554432,68702699520,0.9726881980895996
array_read,Std,4096,2,0,21616000,33554432,68702699520,0.6442070007324219
array_read,Std,4096,2,1,22063000,33554432,68702699520,0.6575286388397217
array_read,CJR,4096,2,1,32615000,33554432,68702699520,0.9720027446746826
array_read,CJR,4096,2,2,32851000,33554432,68702699520,0.9790360927581787
array_read,Std,4096,2,2,21165000,33554432,68702699520,0.6307661533355713
array_read,Std,4096,2,3,21455000,33554432,68702699520,0.6394088268280029
array_read,CJR,4096,2,3,32275000,33554432,68702699520,0.9618699550628662
array_read,CJR,4096,2,4,32588000,33554432,68702699520,0.9711980819702148
array_read,Std,4096,2,4,21534000,33554432,68702699520,0.6417632102966309
array_read,Std,4096,2,5,21391000,33554432,68702699520,0.6375014781951904
array_read,CJR,4096,2,5,32235000,33554432,68702699520,0.9606778621673584
array_read,CJR,4096,2,6,32063000,33554432,68702699520,0.9555518627166748
array_read,Std,4096,2,6,21425000,33554432,68702699520,0.6385147571563721
array_write_read,CJR,4096,2,0,27039000,33554432,103054049280,0.8058249950408936
array_write_read,Std,4096,2,0,34794000,67108864,206108098560,0.5184710025787354
array_write_read,Std,4096,2,1,35421000,67108864,206108098560,0.5278140306472778
array_write_read,CJR,4096,2,1,28098000,33554432,103054049280,0.8373856544494629
array_write_read,CJR,4096,2,2,25030000,33554432,103054049280,0.7459521293640137
array_write_read,Std,4096,2,2,34626000,67108864,206108098560,0.515967607498169
array_write_read,Std,4096,2,3,34913000,67108864,206108098560,0.5202442407608032
array_write_read,CJR,4096,2,3,25332000,33554432,103054049280,0.7549524307250977
array_write_read,CJR,4096,2,4,25177000,33554432,103054049280,0.7503330707550049
array_write_read,Std,4096,2,4,34843000,67108864,206108098560,0.5192011594772339
array_write_read,Std,4096,2,5,34992000,67108864,206108098560,0.5214214324951172
array_write_read,CJR,4096,2,5,28954000,33554432,103054049280,0.8628964424133301
array_write_read,CJR,4096,2,6,27565000,33554432,103054049280,0.8215010166168213
array_write_read,Std,4096,2,6,34796000,67108864,206108098560,0.518500804901123
array_read,CJR,65536,2,0,33042000,33554432,1099494850560,0.9847283363342285
array_read,Std,65536,2,0,27218000,33554432,1099494850560,0.811159610748291
array_read,Std,65536,2,1,27120000,33554432,1099494850560,0.8082389831542969
array_read,CJR,65536,2,1,32800000,33554432,1099494850560,0.9775161743164062
array_read,CJR,65536,2,2,32814000,33554432,1099494850560,0.977933406829834
array_read,Std,65536,2,2,26837000,33554432,1099494850560,0.7998049259185791
array_read,Std,65536,2,3,27048000,33554432,1099494850560,0.8060932159423828
array_read,CJR,65536,2,3,33083000,33554432,1099494850560,0.985950231552124
array_read,CJR,65536,2,4,32961000,33554432,1099494850560,0.9823143482208252
array_read,Std,65536,2,4,27050000,33554432,1099494850560,0.8061528205871582
array_read,Std,65536,2,5,27423000,33554432,1099494850560,0.8172690868377686
array_read,CJR,65536,2,5,32894000,33554432,1099494850560,0.9803175926208496
array_read,CJR,65536,2,6,33088000,33554432,1099494850560,0.9860992431640625
array_read,Std,65536,2,6,27014000,33554432,1099494850560,0.8050799369812012
array_write_read,CJR,65536,2,0,32374000,33554432,1649242275840,0.964820384979248
array_write_read,Std,65536,2,0,38044000,67108864,3298484551680,0.5668997764587402
array_write_read,Std,65536,2,1,39294000,67108864,3298484551680,0.5855262279510498
array_write_read,CJR,65536,2,1,32210000,33554432,1649242275840,0.959932804107666
array_write_read,CJR,65536,2,2,32588000,33554432,1649242275840,0.9711980819702148
array_write_read,Std,65536,2,2,38178000,67108864,3298484551680,0.5688965320587158
array_write_read,Std,65536,2,3,38409000,67108864,3298484551680,0.5723387002944946
array_write_read,CJR,65536,2,3,33407000,33554432,1649242275840,0.9956061840057373
array_write_read,CJR,65536,2,4,32353000,33554432,1649242275840,0.9641945362091064
array_write_read,Std,65536,2,4,37940000,67108864,3298484551680,0.5653500556945801
array_write_read,Std,65536,2,5,38538000,67108864,3298484551680,0.574260950088501
array_write_read,CJR,65536,2,5,34314000,33554432,1649242275840,1.022636890411377
array_write_read,CJR,65536,2,6,34352000,33554432,1649242275840,1.0237693786621094
array_write_read,Std,65536,2,6,38376000,67108864,3298484551680,0.5718469619750977
arraylist_read,CJR,256,0,0,20551000,16777216,2139095040,1.2249350547790527
arraylist_read,Std,256,0,0,14861000,16777216,2139095040,0.8857846260070801
arraylist_read,Std,256,0,1,14750000,16777216,2139095040,0.8791685104370117
arraylist_read,CJR,256,0,1,20486000,16777216,2139095040,1.2210607528686523
arraylist_read,CJR,256,0,2,20480000,16777216,2139095040,1.220703125
arraylist_read,Std,256,0,2,14802000,16777216,2139095040,0.882267951965332
arraylist_read,Std,256,0,3,14636000,16777216,2139095040,0.8723735809326172
arraylist_read,CJR,256,0,3,20455000,16777216,2139095040,1.2192130088806152
arraylist_read,CJR,256,0,4,20423000,16777216,2139095040,1.2173056602478027
arraylist_read,Std,256,0,4,14714000,16777216,2139095040,0.8770227432250977
arraylist_read,Std,256,0,5,14739000,16777216,2139095040,0.8785128593444824
arraylist_read,CJR,256,0,5,20930000,16777216,2139095040,1.2475252151489258
arraylist_read,CJR,256,0,6,21508000,16777216,2139095040,1.2819766998291016
arraylist_read,Std,256,0,6,14933000,16777216,2139095040,0.8900761604309082
arraylist_build_scan,CJR,256,0,0,999000,262144,33423360,3.810882568359375
arraylist_build_scan,Std,256,0,0,1081000,262144,33423360,4.123687744140625
arraylist_build_scan,Std,256,0,1,1254000,262144,33423360,4.78363037109375
arraylist_build_scan,CJR,256,0,1,1054000,262144,33423360,4.02069091796875
arraylist_build_scan,CJR,256,0,2,978000,262144,33423360,3.73077392578125
arraylist_build_scan,Std,256,0,2,915000,262144,33423360,3.490447998046875
arraylist_build_scan,Std,256,0,3,948000,262144,33423360,3.6163330078125
arraylist_build_scan,CJR,256,0,3,985000,262144,33423360,3.757476806640625
arraylist_build_scan,CJR,256,0,4,1012000,262144,33423360,3.8604736328125
arraylist_build_scan,Std,256,0,4,916000,262144,33423360,3.4942626953125
arraylist_build_scan,Std,256,0,5,1097000,262144,33423360,4.184722900390625
arraylist_build_scan,CJR,256,0,5,1032000,262144,33423360,3.936767578125
arraylist_build_scan,CJR,256,0,6,1092000,262144,33423360,4.1656494140625
arraylist_build_scan,Std,256,0,6,1212000,262144,33423360,4.6234130859375
arraylist_read,CJR,4096,0,0,40417000,33554432,68702699520,1.2045204639434814
arraylist_read,Std,4096,0,0,28923000,33554432,68702699520,0.8619725704193115
arraylist_read,Std,4096,0,1,28747000,33554432,68702699520,0.8567273616790771
arraylist_read,CJR,4096,0,1,40294000,33554432,68702699520,1.200854778289795
arraylist_read,CJR,4096,0,2,40435000,33554432,68702699520,1.20505690574646
arraylist_read,Std,4096,0,2,29035000,33554432,68702699520,0.8653104305267334
arraylist_read,Std,4096,0,3,28306000,33554432,68702699520,0.8435845375061035
arraylist_read,CJR,4096,0,3,40141000,33554432,68702699520,1.1962950229644775
arraylist_read,CJR,4096,0,4,40248000,33554432,68702699520,1.199483871459961
arraylist_read,Std,4096,0,4,28792000,33554432,68702699520,0.8580684661865234
arraylist_read,Std,4096,0,5,28483000,33554432,68702699520,0.8488595485687256
arraylist_read,CJR,4096,0,5,40004000,33554432,68702699520,1.1922121047973633
arraylist_read,CJR,4096,0,6,39924000,33554432,68702699520,1.1898279190063477
arraylist_read,Std,4096,0,6,28373000,33554432,68702699520,0.8455812931060791
arraylist_build_scan,CJR,4096,0,0,889000,262144,536739840,3.391265869140625
arraylist_build_scan,Std,4096,0,0,869000,262144,536739840,3.314971923828125
arraylist_build_scan,Std,4096,0,1,1127000,262144,536739840,4.299163818359375
arraylist_build_scan,CJR,4096,0,1,917000,262144,536739840,3.498077392578125
arraylist_build_scan,CJR,4096,0,2,910000,262144,536739840,3.47137451171875
arraylist_build_scan,Std,4096,0,2,1059000,262144,536739840,4.039764404296875
arraylist_build_scan,Std,4096,0,3,1124000,262144,536739840,4.2877197265625
arraylist_build_scan,CJR,4096,0,3,934000,262144,536739840,3.56292724609375
arraylist_build_scan,CJR,4096,0,4,998000,262144,536739840,3.80706787109375
arraylist_build_scan,Std,4096,0,4,1074000,262144,536739840,4.09698486328125
arraylist_build_scan,Std,4096,0,5,1077000,262144,536739840,4.108428955078125
arraylist_build_scan,CJR,4096,0,5,901000,262144,536739840,3.437042236328125
arraylist_build_scan,CJR,4096,0,6,887000,262144,536739840,3.383636474609375
arraylist_build_scan,Std,4096,0,6,1102000,262144,536739840,4.20379638671875
arraylist_read,CJR,16384,0,0,20228000,16777216,137430564864,1.2056827545166016
arraylist_read,Std,16384,0,0,28709000,33554432,274861129728,0.8555948734283447
arraylist_read,Std,16384,0,1,28930000,33554432,274861129728,0.8621811866760254
arraylist_read,CJR,16384,0,1,20571000,16777216,137430564864,1.2261271476745605
arraylist_read,CJR,16384,0,2,19753000,16777216,137430564864,1.177370548248291
arraylist_read,Std,16384,0,2,28297000,33554432,274861129728,0.8433163166046143
arraylist_read,Std,16384,0,3,28427000,33554432,274861129728,0.8471906185150146
arraylist_read,CJR,16384,0,3,19945000,16777216,137430564864,1.188814640045166
arraylist_read,CJR,16384,0,4,20049000,16777216,137430564864,1.1950135231018066
arraylist_read,Std,16384,0,4,28945000,33554432,274861129728,0.8626282215118408
arraylist_read,Std,16384,0,5,29208000,33554432,274861129728,0.8704662322998047
arraylist_read,CJR,16384,0,5,20503000,16777216,137430564864,1.222074031829834
arraylist_read,CJR,16384,0,6,20292000,16777216,137430564864,1.2094974517822266
arraylist_read,Std,16384,0,6,29313000,33554432,274861129728,0.8735954761505127
arraylist_build_scan,CJR,16384,0,0,940000,262144,2147352576,3.5858154296875
arraylist_build_scan,Std,16384,0,0,1108000,262144,2147352576,4.2266845703125
arraylist_build_scan,Std,16384,0,1,1116000,262144,2147352576,4.2572021484375
arraylist_build_scan,CJR,16384,0,1,932000,262144,2147352576,3.5552978515625
arraylist_build_scan,CJR,16384,0,2,937000,262144,2147352576,3.574371337890625
arraylist_build_scan,Std,16384,0,2,1089000,262144,2147352576,4.154205322265625
arraylist_build_scan,Std,16384,0,3,1082000,262144,2147352576,4.12750244140625
arraylist_build_scan,CJR,16384,0,3,954000,262144,2147352576,3.63922119140625
arraylist_build_scan,CJR,16384,0,4,946000,262144,2147352576,3.60870361328125
arraylist_build_scan,Std,16384,0,4,1200000,262144,2147352576,4.57763671875
arraylist_build_scan,Std,16384,0,5,1136000,262144,2147352576,4.33349609375
arraylist_build_scan,CJR,16384,0,5,951000,262144,2147352576,3.627777099609375
arraylist_build_scan,CJR,16384,0,6,935000,262144,2147352576,3.566741943359375
arraylist_build_scan,Std,16384,0,6,1128000,262144,2147352576,4.302978515625
arraylist_rotate,CJR,256,0,0,21025000,65536,8355840,320.8160400390625
arraylist_rotate,Std,256,0,0,21473000,1048576,133693440,20.478248596191406
arraylist_rotate,Std,256,0,1,21602000,1048576,133693440,20.601272583007812
arraylist_rotate,CJR,256,0,1,21307000,65536,8355840,325.1190185546875
arraylist_rotate,CJR,256,0,2,21198000,65536,8355840,323.455810546875
arraylist_rotate,Std,256,0,2,21760000,1048576,133693440,20.751953125
arraylist_rotate,Std,256,0,3,21788000,1048576,133693440,20.778656005859375
arraylist_rotate,CJR,256,0,3,20908000,65536,8355840,319.03076171875
arraylist_rotate,CJR,256,0,4,20780000,65536,8355840,317.07763671875
arraylist_rotate,Std,256,0,4,21485000,1048576,133693440,20.48969268798828
arraylist_rotate,Std,256,0,5,21506000,1048576,133693440,20.509719848632812
arraylist_rotate,CJR,256,0,5,20794000,65536,8355840,317.291259765625
arraylist_rotate,CJR,256,0,6,20960000,65536,8355840,319.82421875
arraylist_rotate,Std,256,0,6,21836000,1048576,133693440,20.824432373046875
arraylist_rotate,CJR,1024,0,0,20624000,16384,8380416,1258.7890625
arraylist_rotate,Std,1024,0,0,21665000,262144,134086656,82.64541625976562
arraylist_rotate,Std,1024,0,1,22173000,262144,134086656,84.58328247070312
arraylist_rotate,CJR,1024,0,1,20373000,16384,8380416,1243.46923828125
arraylist_rotate,CJR,1024,0,2,20496000,16384,8380416,1250.9765625
arraylist_rotate,Std,1024,0,2,21735000,262144,134086656,82.91244506835938
arraylist_rotate,Std,1024,0,3,21709000,262144,134086656,82.81326293945312
arraylist_rotate,CJR,1024,0,3,20298000,16384,8380416,1238.8916015625
arraylist_rotate,CJR,1024,0,4,20271000,16384,8380416,1237.24365234375
arraylist_rotate,Std,1024,0,4,21754000,262144,134086656,82.98492431640625
arraylist_rotate,Std,1024,0,5,22016000,262144,134086656,83.984375
arraylist_rotate,CJR,1024,0,5,20477000,16384,8380416,1249.81689453125
arraylist_rotate,CJR,1024,0,6,20486000,16384,8380416,1250.3662109375
arraylist_rotate,Std,1024,0,6,21596000,262144,134086656,82.3822021484375
arraylist_rotate,CJR,4096,0,0,20838000,4096,8386560,5087.40234375
arraylist_rotate,Std,4096,0,0,20841000,65536,134184960,318.0084228515625
arraylist_rotate,Std,4096,0,1,20359000,65536,134184960,310.6536865234375
arraylist_rotate,CJR,4096,0,1,20537000,4096,8386560,5013.916015625
arraylist_rotate,CJR,4096,0,2,20332000,4096,8386560,4963.8671875
arraylist_rotate,Std,4096,0,2,21143000,65536,134184960,322.6165771484375
arraylist_rotate,Std,4096,0,3,21292000,65536,134184960,324.89013671875
arraylist_rotate,CJR,4096,0,3,20337000,4096,8386560,4965.087890625
arraylist_rotate,CJR,4096,0,4,20356000,4096,8386560,4969.7265625
arraylist_rotate,Std,4096,0,4,20826000,65536,134184960,317.779541015625
arraylist_rotate,Std,4096,0,5,21251000,65536,134184960,324.2645263671875
arraylist_rotate,CJR,4096,0,5,20496000,4096,8386560,5003.90625
arraylist_rotate,CJR,4096,0,6,20552000,4096,8386560,5017.578125
arraylist_rotate,Std,4096,0,6,20951000,65536,134184960,319.6868896484375
arraylist_read,CJR,256,1,0,20224000,16777216,2139095040,1.2054443359375
arraylist_read,Std,256,1,0,14677000,16777216,2139095040,0.8748173713684082
arraylist_read,Std,256,1,1,14795000,16777216,2139095040,0.8818507194519043
arraylist_read,CJR,256,1,1,20563000,16777216,2139095040,1.2256503105163574
arraylist_read,CJR,256,1,2,20284000,16777216,2139095040,1.2090206146240234
arraylist_read,Std,256,1,2,14917000,16777216,2139095040,0.889122486114502
arraylist_read,Std,256,1,3,14831000,16777216,2139095040,0.8839964866638184
arraylist_read,CJR,256,1,3,20383000,16777216,2139095040,1.214921474456787
arraylist_read,CJR,256,1,4,20720000,16777216,2139095040,1.2350082397460938
arraylist_read,Std,256,1,4,14710000,16777216,2139095040,0.8767843246459961
arraylist_read,Std,256,1,5,15043000,16777216,2139095040,0.8966326713562012
arraylist_read,CJR,256,1,5,20880000,16777216,2139095040,1.2445449829101562
arraylist_read,CJR,256,1,6,20509000,16777216,2139095040,1.2224316596984863
arraylist_read,Std,256,1,6,14647000,16777216,2139095040,0.8730292320251465
arraylist_build_scan,CJR,256,1,0,955000,262144,33423360,3.643035888671875
arraylist_build_scan,Std,256,1,0,1120000,262144,33423360,4.2724609375
arraylist_build_scan,Std,256,1,1,1289000,262144,33423360,4.917144775390625
arraylist_build_scan,CJR,256,1,1,1003000,262144,33423360,3.826141357421875
arraylist_build_scan,CJR,256,1,2,993000,262144,33423360,3.787994384765625
arraylist_build_scan,Std,256,1,2,964000,262144,33423360,3.6773681640625
arraylist_build_scan,Std,256,1,3,966000,262144,33423360,3.68499755859375
arraylist_build_scan,CJR,256,1,3,998000,262144,33423360,3.80706787109375
arraylist_build_scan,CJR,256,1,4,1006000,262144,33423360,3.83758544921875
arraylist_build_scan,Std,256,1,4,1021000,262144,33423360,3.894805908203125
arraylist_build_scan,Std,256,1,5,1206000,262144,33423360,4.60052490234375
arraylist_build_scan,CJR,256,1,5,1040000,262144,33423360,3.96728515625
arraylist_build_scan,CJR,256,1,6,1031000,262144,33423360,3.932952880859375
arraylist_build_scan,Std,256,1,6,1279000,262144,33423360,4.878997802734375
arraylist_read,CJR,4096,1,0,20433000,16777216,34351349760,1.2179017066955566
arraylist_read,Std,4096,1,0,28562000,33554432,68702699520,0.8512139320373535
arraylist_read,Std,4096,1,1,28439000,33554432,68702699520,0.847548246383667
arraylist_read,CJR,4096,1,1,20189000,16777216,34351349760,1.2033581733703613
arraylist_read,CJR,4096,1,2,20648000,16777216,34351349760,1.2307167053222656
arraylist_read,Std,4096,1,2,29161000,33554432,68702699520,0.869065523147583
arraylist_read,Std,4096,1,3,28653000,33554432,68702699520,0.8539259433746338
arraylist_read,CJR,4096,1,3,19984000,16777216,34351349760,1.1911392211914062
arraylist_read,CJR,4096,1,4,20068000,16777216,34351349760,1.196146011352539
arraylist_read,Std,4096,1,4,28252000,33554432,68702699520,0.841975212097168
arraylist_read,Std,4096,1,5,28632000,33554432,68702699520,0.8533000946044922
arraylist_read,CJR,4096,1,5,19975000,16777216,34351349760,1.1906027793884277
arraylist_read,CJR,4096,1,6,20282000,16777216,34351349760,1.2089014053344727
arraylist_read,Std,4096,1,6,28553000,33554432,68702699520,0.8509457111358643
arraylist_build_scan,CJR,4096,1,0,925000,262144,536739840,3.528594970703125
arraylist_build_scan,Std,4096,1,0,922000,262144,536739840,3.51715087890625
arraylist_build_scan,Std,4096,1,1,1045000,262144,536739840,3.986358642578125
arraylist_build_scan,CJR,4096,1,1,942000,262144,536739840,3.59344482421875
arraylist_build_scan,CJR,4096,1,2,911000,262144,536739840,3.475189208984375
arraylist_build_scan,Std,4096,1,2,1207000,262144,536739840,4.604339599609375
arraylist_build_scan,Std,4096,1,3,1100000,262144,536739840,4.1961669921875
arraylist_build_scan,CJR,4096,1,3,941000,262144,536739840,3.589630126953125
arraylist_build_scan,CJR,4096,1,4,936000,262144,536739840,3.570556640625
arraylist_build_scan,Std,4096,1,4,1114000,262144,536739840,4.24957275390625
arraylist_build_scan,Std,4096,1,5,1123000,262144,536739840,4.283905029296875
arraylist_build_scan,CJR,4096,1,5,938000,262144,536739840,3.57818603515625
arraylist_build_scan,CJR,4096,1,6,954000,262144,536739840,3.63922119140625
arraylist_build_scan,Std,4096,1,6,1127000,262144,536739840,4.299163818359375
arraylist_read,CJR,16384,1,0,20451000,16777216,137430564864,1.2189745903015137
arraylist_read,Std,16384,1,0,28800000,33554432,274861129728,0.858306884765625
arraylist_read,Std,16384,1,1,28996000,33554432,274861129728,0.8641481399536133
arraylist_read,CJR,16384,1,1,20217000,16777216,137430564864,1.2050271034240723
arraylist_read,CJR,16384,1,2,20209000,16777216,137430564864,1.2045502662658691
arraylist_read,Std,16384,1,2,29194000,33554432,274861129728,0.870048999786377
arraylist_read,Std,16384,1,3,28727000,33554432,274861129728,0.8561313152313232
arraylist_read,CJR,16384,1,3,20175000,16777216,137430564864,1.2025237083435059
arraylist_read,CJR,16384,1,4,20051000,16777216,137430564864,1.1951327323913574
arraylist_read,Std,16384,1,4,28771000,33554432,274861129728,0.8574426174163818
arraylist_read,Std,16384,1,5,28469000,33554432,274861129728,0.8484423160552979
arraylist_read,CJR,16384,1,5,20441000,16777216,137430564864,1.2183785438537598
arraylist_read,CJR,16384,1,6,20508000,16777216,137430564864,1.222372055053711
arraylist_read,Std,16384,1,6,28913000,33554432,274861129728,0.8616745471954346
arraylist_build_scan,CJR,16384,1,0,907000,262144,2147352576,3.459930419921875
arraylist_build_scan,Std,16384,1,0,1059000,262144,2147352576,4.039764404296875
arraylist_build_scan,Std,16384,1,1,1079000,262144,2147352576,4.116058349609375
arraylist_build_scan,CJR,16384,1,1,888000,262144,2147352576,3.387451171875
arraylist_build_scan,CJR,16384,1,2,915000,262144,2147352576,3.490447998046875
arraylist_build_scan,Std,16384,1,2,1091000,262144,2147352576,4.161834716796875
arraylist_build_scan,Std,16384,1,3,1302000,262144,2147352576,4.96673583984375
arraylist_build_scan,CJR,16384,1,3,912000,262144,2147352576,3.47900390625
arraylist_build_scan,CJR,16384,1,4,928000,262144,2147352576,3.5400390625
arraylist_build_scan,Std,16384,1,4,1162000,262144,2147352576,4.43267822265625
arraylist_build_scan,Std,16384,1,5,1157000,262144,2147352576,4.413604736328125
arraylist_build_scan,CJR,16384,1,5,929000,262144,2147352576,3.543853759765625
arraylist_build_scan,CJR,16384,1,6,935000,262144,2147352576,3.566741943359375
arraylist_build_scan,Std,16384,1,6,1098000,262144,2147352576,4.18853759765625
arraylist_rotate,CJR,256,1,0,21154000,65536,8355840,322.784423828125
arraylist_rotate,Std,256,1,0,21446000,1048576,133693440,20.452499389648438
arraylist_rotate,Std,256,1,1,21500000,1048576,133693440,20.503997802734375
arraylist_rotate,CJR,256,1,1,21484000,65536,8355840,327.81982421875
arraylist_rotate,CJR,256,1,2,20787000,65536,8355840,317.1844482421875
arraylist_rotate,Std,256,1,2,21449000,1048576,133693440,20.455360412597656
arraylist_rotate,Std,256,1,3,21122000,1048576,133693440,20.143508911132812
arraylist_rotate,CJR,256,1,3,20797000,65536,8355840,317.3370361328125
arraylist_rotate,CJR,256,1,4,20803000,65536,8355840,317.4285888671875
arraylist_rotate,Std,256,1,4,21394000,1048576,133693440,20.402908325195312
arraylist_rotate,Std,256,1,5,21382000,1048576,133693440,20.391464233398438
arraylist_rotate,CJR,256,1,5,20694000,65536,8355840,315.765380859375
arraylist_rotate,CJR,256,1,6,21031000,65536,8355840,320.9075927734375
arraylist_rotate,Std,256,1,6,21499000,1048576,133693440,20.50304412841797
arraylist_rotate,CJR,1024,1,0,20269000,16384,8380416,1237.12158203125
arraylist_rotate,Std,1024,1,0,19843000,262144,134086656,75.69503784179688
arraylist_rotate,Std,1024,1,1,19996000,262144,134086656,76.2786865234375
arraylist_rotate,CJR,1024,1,1,20524000,16384,8380416,1252.685546875
arraylist_rotate,CJR,1024,1,2,20236000,16384,8380416,1235.107421875
arraylist_rotate,Std,1024,1,2,19880000,262144,134086656,75.836181640625
arraylist_rotate,Std,1024,1,3,20173000,262144,134086656,76.95388793945312
arraylist_rotate,CJR,1024,1,3,20407000,16384,8380416,1245.54443359375
arraylist_rotate,CJR,1024,1,4,20409000,16384,8380416,1245.66650390625
arraylist_rotate,Std,1024,1,4,20121000,262144,134086656,76.75552368164062
arraylist_rotate,Std,1024,1,5,20068000,262144,134086656,76.5533447265625
arraylist_rotate,CJR,1024,1,5,20308000,16384,8380416,1239.501953125
arraylist_rotate,CJR,1024,1,6,20384000,16384,8380416,1244.140625
arraylist_rotate,Std,1024,1,6,19968000,262144,134086656,76.171875
arraylist_rotate,CJR,4096,1,0,20694000,4096,8386560,5052.24609375
arraylist_rotate,Std,4096,1,0,20834000,65536,134184960,317.901611328125
arraylist_rotate,Std,4096,1,1,20484000,65536,134184960,312.56103515625
arraylist_rotate,CJR,4096,1,1,20666000,4096,8386560,5045.41015625
arraylist_rotate,CJR,4096,1,2,20718000,4096,8386560,5058.10546875
arraylist_rotate,Std,4096,1,2,20478000,65536,134184960,312.469482421875
arraylist_rotate,Std,4096,1,3,20880000,65536,134184960,318.603515625
arraylist_rotate,CJR,4096,1,3,20371000,4096,8386560,4973.388671875
arraylist_rotate,CJR,4096,1,4,20579000,4096,8386560,5024.169921875
arraylist_rotate,Std,4096,1,4,21369000,65536,134184960,326.0650634765625
arraylist_rotate,Std,4096,1,5,20444000,65536,134184960,311.95068359375
arraylist_rotate,CJR,4096,1,5,20495000,4096,8386560,5003.662109375
arraylist_rotate,CJR,4096,1,6,20547000,4096,8386560,5016.357421875
arraylist_rotate,Std,4096,1,6,21007000,65536,134184960,320.5413818359375
arraylist_read,CJR,256,2,0,20368000,16777216,2139095040,1.2140274047851562
arraylist_read,Std,256,2,0,14792000,16777216,2139095040,0.8816719055175781
arraylist_read,Std,256,2,1,14826000,16777216,2139095040,0.8836984634399414
arraylist_read,CJR,256,2,1,20547000,16777216,2139095040,1.2246966361999512
arraylist_read,CJR,256,2,2,20354000,16777216,2139095040,1.2131929397583008
arraylist_read,Std,256,2,2,14687000,16777216,2139095040,0.8754134178161621
arraylist_read,Std,256,2,3,14963000,16777216,2139095040,0.8918642997741699
arraylist_read,CJR,256,2,3,20396000,16777216,2139095040,1.2156963348388672
arraylist_read,CJR,256,2,4,20526000,16777216,2139095040,1.223444938659668
arraylist_read,Std,256,2,4,14913000,16777216,2139095040,0.8888840675354004
arraylist_read,Std,256,2,5,14822000,16777216,2139095040,0.8834600448608398
arraylist_read,CJR,256,2,5,20391000,16777216,2139095040,1.2153983116149902
arraylist_read,CJR,256,2,6,20931000,16777216,2139095040,1.2475848197937012
arraylist_read,Std,256,2,6,14678000,16777216,2139095040,0.8748769760131836
arraylist_build_scan,CJR,256,2,0,1026000,262144,33423360,3.91387939453125
arraylist_build_scan,Std,256,2,0,1250000,262144,33423360,4.76837158203125
arraylist_build_scan,Std,256,2,1,1296000,262144,33423360,4.94384765625
arraylist_build_scan,CJR,256,2,1,1038000,262144,33423360,3.95965576171875
arraylist_build_scan,CJR,256,2,2,1001000,262144,33423360,3.818511962890625
arraylist_build_scan,Std,256,2,2,1042000,262144,33423360,3.97491455078125
arraylist_build_scan,Std,256,2,3,1016000,262144,33423360,3.875732421875
arraylist_build_scan,CJR,256,2,3,1020000,262144,33423360,3.8909912109375
arraylist_build_scan,CJR,256,2,4,1020000,262144,33423360,3.8909912109375
arraylist_build_scan,Std,256,2,4,1020000,262144,33423360,3.8909912109375
arraylist_build_scan,Std,256,2,5,1202000,262144,33423360,4.58526611328125
arraylist_build_scan,CJR,256,2,5,1007000,262144,33423360,3.841400146484375
arraylist_build_scan,CJR,256,2,6,1010000,262144,33423360,3.85284423828125
arraylist_build_scan,Std,256,2,6,1220000,262144,33423360,4.6539306640625
arraylist_read,CJR,4096,2,0,20344000,16777216,34351349760,1.2125968933105469
arraylist_read,Std,4096,2,0,28565000,33554432,68702699520,0.8513033390045166
arraylist_read,Std,4096,2,1,28980000,33554432,68702699520,0.8636713027954102
arraylist_read,CJR,4096,2,1,20019000,16777216,34351349760,1.193225383758545
arraylist_read,CJR,4096,2,2,20066000,16777216,34351349760,1.1960268020629883
arraylist_read,Std,4096,2,2,28594000,33554432,68702699520,0.8521676063537598
arraylist_read,Std,4096,2,3,28752000,33554432,68702699520,0.8568763732910156
arraylist_read,CJR,4096,2,3,20224000,16777216,34351349760,1.2054443359375
arraylist_read,CJR,4096,2,4,20250000,16777216,34351349760,1.2069940567016602
arraylist_read,Std,4096,2,4,28785000,33554432,68702699520,0.8578598499298096
arraylist_read,Std,4096,2,5,28782000,33554432,68702699520,0.8577704429626465
arraylist_read,CJR,4096,2,5,20462000,16777216,34351349760,1.219630241394043
arraylist_read,CJR,4096,2,6,20409000,16777216,34351349760,1.2164711952209473
arraylist_read,Std,4096,2,6,28717000,33554432,68702699520,0.8558332920074463
arraylist_build_scan,CJR,4096,2,0,951000,262144,536739840,3.627777099609375
arraylist_build_scan,Std,4096,2,0,869000,262144,536739840,3.314971923828125
arraylist_build_scan,Std,4096,2,1,1069000,262144,536739840,4.077911376953125
arraylist_build_scan,CJR,4096,2,1,939000,262144,536739840,3.582000732421875
arraylist_build_scan,CJR,4096,2,2,928000,262144,536739840,3.5400390625
arraylist_build_scan,Std,4096,2,2,1037000,262144,536739840,3.955841064453125
arraylist_build_scan,Std,4096,2,3,1144000,262144,536739840,4.364013671875
arraylist_build_scan,CJR,4096,2,3,933000,262144,536739840,3.559112548828125
arraylist_build_scan,CJR,4096,2,4,944000,262144,536739840,3.60107421875
arraylist_build_scan,Std,4096,2,4,1220000,262144,536739840,4.6539306640625
arraylist_build_scan,Std,4096,2,5,1127000,262144,536739840,4.299163818359375
arraylist_build_scan,CJR,4096,2,5,879000,262144,536739840,3.353118896484375
arraylist_build_scan,CJR,4096,2,6,915000,262144,536739840,3.490447998046875
arraylist_build_scan,Std,4096,2,6,1110000,262144,536739840,4.23431396484375
arraylist_read,CJR,16384,2,0,20171000,16777216,137430564864,1.2022852897644043
arraylist_read,Std,16384,2,0,28527000,33554432,274861129728,0.8501708507537842
arraylist_read,Std,16384,2,1,29193000,33554432,274861129728,0.8700191974639893
arraylist_read,CJR,16384,2,1,20019000,16777216,137430564864,1.193225383758545
arraylist_read,CJR,16384,2,2,19910000,16777216,137430564864,1.1867284774780273
arraylist_read,Std,16384,2,2,28680000,33554432,274861129728,0.8547306060791016
arraylist_read,Std,16384,2,3,29236000,33554432,274861129728,0.8713006973266602
arraylist_read,CJR,16384,2,3,20420000,16777216,137430564864,1.2171268463134766
arraylist_read,CJR,16384,2,4,19954000,16777216,137430564864,1.1893510818481445
arraylist_read,Std,16384,2,4,28473000,33554432,274861129728,0.8485615253448486
arraylist_read,Std,16384,2,5,29045000,33554432,274861129728,0.8656084537506104
arraylist_read,CJR,16384,2,5,20422000,16777216,137430564864,1.2172460556030273
arraylist_read,CJR,16384,2,6,20415000,16777216,137430564864,1.2168288230895996
arraylist_read,Std,16384,2,6,28756000,33554432,274861129728,0.8569955825805664
arraylist_build_scan,CJR,16384,2,0,943000,262144,2147352576,3.597259521484375
arraylist_build_scan,Std,16384,2,0,1117000,262144,2147352576,4.261016845703125
arraylist_build_scan,Std,16384,2,1,1049000,262144,2147352576,4.001617431640625
arraylist_build_scan,CJR,16384,2,1,904000,262144,2147352576,3.448486328125
arraylist_build_scan,CJR,16384,2,2,940000,262144,2147352576,3.5858154296875
arraylist_build_scan,Std,16384,2,2,1008000,262144,2147352576,3.84521484375
arraylist_build_scan,Std,16384,2,3,1113000,262144,2147352576,4.245758056640625
arraylist_build_scan,CJR,16384,2,3,953000,262144,2147352576,3.635406494140625
arraylist_build_scan,CJR,16384,2,4,949000,262144,2147352576,3.620147705078125
arraylist_build_scan,Std,16384,2,4,1147000,262144,2147352576,4.375457763671875
arraylist_build_scan,Std,16384,2,5,1122000,262144,2147352576,4.28009033203125
arraylist_build_scan,CJR,16384,2,5,942000,262144,2147352576,3.59344482421875
arraylist_build_scan,CJR,16384,2,6,947000,262144,2147352576,3.612518310546875
arraylist_build_scan,Std,16384,2,6,1096000,262144,2147352576,4.180908203125
arraylist_rotate,CJR,256,2,0,20854000,65536,8355840,318.206787109375
arraylist_rotate,Std,256,2,0,21439000,1048576,133693440,20.445823669433594
arraylist_rotate,Std,256,2,1,21709000,1048576,133693440,20.70331573486328
arraylist_rotate,CJR,256,2,1,21017000,65536,8355840,320.6939697265625
arraylist_rotate,CJR,256,2,2,21300000,65536,8355840,325.01220703125
arraylist_rotate,Std,256,2,2,21431000,1048576,133693440,20.438194274902344
arraylist_rotate,Std,256,2,3,21417000,1048576,133693440,20.424842834472656
arraylist_rotate,CJR,256,2,3,21266000,65536,8355840,324.493408203125
arraylist_rotate,CJR,256,2,4,21036000,65536,8355840,320.98388671875
arraylist_rotate,Std,256,2,4,21615000,1048576,133693440,20.613670349121094
arraylist_rotate,Std,256,2,5,21598000,1048576,133693440,20.597457885742188
arraylist_rotate,CJR,256,2,5,20728000,65536,8355840,316.2841796875
arraylist_rotate,CJR,256,2,6,21161000,65536,8355840,322.8912353515625
arraylist_rotate,Std,256,2,6,21778000,1048576,133693440,20.769119262695312
arraylist_rotate,CJR,1024,2,0,20660000,16384,8380416,1260.986328125
arraylist_rotate,Std,1024,2,0,20368000,262144,134086656,77.69775390625
arraylist_rotate,Std,1024,2,1,20188000,262144,134086656,77.0111083984375
arraylist_rotate,CJR,1024,2,1,20544000,16384,8380416,1253.90625
arraylist_rotate,CJR,1024,2,2,20432000,16384,8380416,1247.0703125
arraylist_rotate,Std,1024,2,2,19972000,262144,134086656,76.1871337890625
arraylist_rotate,Std,1024,2,3,19792000,262144,134086656,75.50048828125
arraylist_rotate,CJR,1024,2,3,20719000,16384,8380416,1264.58740234375
arraylist_rotate,CJR,1024,2,4,20528000,16384,8380416,1252.9296875
arraylist_rotate,Std,1024,2,4,19941000,262144,134086656,76.06887817382812
arraylist_rotate,Std,1024,2,5,19934000,262144,134086656,76.04217529296875
arraylist_rotate,CJR,1024,2,5,20667000,16384,8380416,1261.41357421875
arraylist_rotate,CJR,1024,2,6,20489000,16384,8380416,1250.54931640625
arraylist_rotate,Std,1024,2,6,20665000,262144,134086656,78.83071899414062
arraylist_rotate,CJR,4096,2,0,20861000,4096,8386560,5093.017578125
arraylist_rotate,Std,4096,2,0,20826000,65536,134184960,317.779541015625
arraylist_rotate,Std,4096,2,1,21155000,65536,134184960,322.7996826171875
arraylist_rotate,CJR,4096,2,1,20356000,4096,8386560,4969.7265625
arraylist_rotate,CJR,4096,2,2,20442000,4096,8386560,4990.72265625
arraylist_rotate,Std,4096,2,2,21196000,65536,134184960,323.42529296875
arraylist_rotate,Std,4096,2,3,21330000,65536,134184960,325.469970703125
arraylist_rotate,CJR,4096,2,3,20437000,4096,8386560,4989.501953125
arraylist_rotate,CJR,4096,2,4,20711000,4096,8386560,5056.396484375
arraylist_rotate,Std,4096,2,4,20718000,65536,134184960,316.131591796875
arraylist_rotate,Std,4096,2,5,20830000,65536,134184960,317.840576171875
arraylist_rotate,CJR,4096,2,5,20720000,4096,8386560,5058.59375
arraylist_rotate,CJR,4096,2,6,20702000,4096,8386560,5054.19921875
arraylist_rotate,Std,4096,2,6,20474000,65536,134184960,312.408447265625
hashmap_hit,CJR,256,0,0,24374000,4194304,1608515584,5.811214447021484
hashmap_hit,Std,256,0,0,39681000,16777216,6434062336,2.3651719093322754
hashmap_hit,Std,256,0,1,39773000,16777216,6434062336,2.3706555366516113
hashmap_hit,CJR,256,0,1,24282000,4194304,1608515584,5.789279937744141
hashmap_hit,CJR,256,0,2,24164000,4194304,1608515584,5.761146545410156
hashmap_hit,Std,256,0,2,39666000,16777216,6434062336,2.3642778396606445
hashmap_hit,Std,256,0,3,39487000,16777216,6434062336,2.3536086082458496
hashmap_hit,CJR,256,0,3,24471000,4194304,1608515584,5.834341049194336
hashmap_hit,CJR,256,0,4,24257000,4194304,1608515584,5.783319473266602
hashmap_hit,Std,256,0,4,39771000,16777216,6434062336,2.3705363273620605
hashmap_hit,Std,256,0,5,39932000,16777216,6434062336,2.3801326751708984
hashmap_hit,CJR,256,0,5,24517000,4194304,1608515584,5.845308303833008
hashmap_hit,CJR,256,0,6,24140000,4194304,1608515584,5.755424499511719
hashmap_hit,Std,256,0,6,39828000,16777216,6434062336,2.373933792114258
hashmap_wide_key,CJR,256,0,0,22277000,32768,12566528,679.840087890625
hashmap_wide_key,Std,256,0,0,39820000,16777216,6434062336,2.3734569549560547
hashmap_wide_key,Std,256,0,1,39761000,16777216,6434062336,2.3699402809143066
hashmap_wide_key,CJR,256,0,1,22744000,32768,12566528,694.091796875
hashmap_wide_key,CJR,256,0,2,23036000,32768,12566528,703.0029296875
hashmap_wide_key,Std,256,0,2,39600000,16777216,6434062336,2.3603439331054688
hashmap_wide_key,Std,256,0,3,39355000,16777216,6434062336,2.345740795135498
hashmap_wide_key,CJR,256,0,3,22168000,32768,12566528,676.513671875
hashmap_wide_key,CJR,256,0,4,22422000,32768,12566528,684.26513671875
hashmap_wide_key,Std,256,0,4,39597000,16777216,6434062336,2.3601651191711426
hashmap_wide_key,Std,256,0,5,39788000,16777216,6434062336,2.371549606323242
hashmap_wide_key,CJR,256,0,5,22128000,32768,12566528,675.29296875
hashmap_wide_key,CJR,256,0,6,22400000,32768,12566528,683.59375
hashmap_wide_key,Std,256,0,6,39760000,16777216,6434062336,2.3698806762695312
hashmap_miss,CJR,256,0,0,34522000,8388608,8388608,4.11534309387207
hashmap_miss,Std,256,0,0,28142000,16777216,16777216,1.677393913269043
hashmap_miss,Std,256,0,1,28528000,16777216,16777216,1.7004013061523438
hashmap_miss,CJR,256,0,1,34684000,8388608,8388608,4.134654998779297
hashmap_miss,CJR,256,0,2,34638000,8388608,8388608,4.129171371459961
hashmap_miss,Std,256,0,2,28254000,16777216,16777216,1.6840696334838867
hashmap_miss,Std,256,0,3,28296000,16777216,16777216,1.6865730285644531
hashmap_miss,CJR,256,0,3,33964000,8388608,8388608,4.048824310302734
hashmap_miss,CJR,256,0,4,34150000,8388608,8388608,4.07099723815918
hashmap_miss,Std,256,0,4,28138000,16777216,16777216,1.6771554946899414
hashmap_miss,Std,256,0,5,28567000,16777216,16777216,1.702725887298584
hashmap_miss,CJR,256,0,5,33009000,8388608,8388608,3.9349794387817383
hashmap_miss,CJR,256,0,6,33495000,8388608,8388608,3.992915153503418
hashmap_miss,Std,256,0,6,28381000,16777216,16777216,1.6916394233703613
hashmap_build_scan,CJR,256,0,0,7621000,262144,100532224,29.071807861328125
hashmap_build_scan,Std,256,0,0,4650000,262144,100532224,17.73834228515625
hashmap_build_scan,Std,256,0,1,4522000,262144,100532224,17.25006103515625
hashmap_build_scan,CJR,256,0,1,7669000,262144,100532224,29.254913330078125
hashmap_build_scan,CJR,256,0,2,7736000,262144,100532224,29.510498046875
hashmap_build_scan,Std,256,0,2,4427000,262144,100532224,16.887664794921875
hashmap_build_scan,Std,256,0,3,4483000,262144,100532224,17.101287841796875
hashmap_build_scan,CJR,256,0,3,7765000,262144,100532224,29.621124267578125
hashmap_build_scan,CJR,256,0,4,7720000,262144,100532224,29.449462890625
hashmap_build_scan,Std,256,0,4,4549000,262144,100532224,17.353057861328125
hashmap_build_scan,Std,256,0,5,4249000,262144,100532224,16.208648681640625
hashmap_build_scan,CJR,256,0,5,7933000,262144,100532224,30.261993408203125
hashmap_build_scan,CJR,256,0,6,16087000,262144,100532224,61.367034912109375
hashmap_build_scan,Std,256,0,6,4393000,262144,100532224,16.757965087890625
hashmap_hit,CJR,4096,0,0,24361000,4194304,25767706624,5.808115005493164
hashmap_hit,Std,4096,0,0,40493000,16777216,103070826496,2.4135708808898926
hashmap_hit,Std,4096,0,1,40694000,16777216,103070826496,2.425551414489746
hashmap_hit,CJR,4096,0,1,24406000,4194304,25767706624,5.818843841552734
hashmap_hit,CJR,4096,0,2,24414000,4194304,25767706624,5.820751190185547
hashmap_hit,Std,4096,0,2,41058000,16777216,103070826496,2.4472475051879883
hashmap_hit,Std,4096,0,3,41871000,16777216,103070826496,2.495706081390381
hashmap_hit,CJR,4096,0,3,24358000,4194304,25767706624,5.807399749755859
hashmap_hit,CJR,4096,0,4,24592000,4194304,25767706624,5.863189697265625
hashmap_hit,Std,4096,0,4,41447000,16777216,103070826496,2.4704337120056152
hashmap_hit,Std,4096,0,5,41551000,16777216,103070826496,2.476632595062256
hashmap_hit,CJR,4096,0,5,24672000,4194304,25767706624,5.88226318359375
hashmap_hit,CJR,4096,0,6,24350000,4194304,25767706624,5.805492401123047
hashmap_hit,Std,4096,0,6,41154000,16777216,103070826496,2.452969551086426
hashmap_wide_key,CJR,4096,0,0,26741000,524288,3220963328,51.00440979003906
hashmap_wide_key,Std,4096,0,0,20524000,8388608,51535413248,2.4466514587402344
hashmap_wide_key,Std,4096,0,1,20750000,8388608,51535413248,2.473592758178711
hashmap_wide_key,CJR,4096,0,1,26800000,524288,3220963328,51.116943359375
hashmap_wide_key,CJR,4096,0,2,26964000,524288,3220963328,51.42974853515625
hashmap_wide_key,Std,4096,0,2,19871000,8388608,51535413248,2.368807792663574
hashmap_wide_key,Std,4096,0,3,20001000,8388608,51535413248,2.384305000305176
hashmap_wide_key,CJR,4096,0,3,26825000,524288,3220963328,51.16462707519531
hashmap_wide_key,CJR,4096,0,4,26654000,524288,3220963328,50.838470458984375
hashmap_wide_key,Std,4096,0,4,20111000,8388608,51535413248,2.3974180221557617
hashmap_wide_key,Std,4096,0,5,19999000,8388608,51535413248,2.384066581726074
hashmap_wide_key,CJR,4096,0,5,26805000,524288,3220963328,51.12648010253906
hashmap_wide_key,CJR,4096,0,6,26742000,524288,3220963328,51.006317138671875
hashmap_wide_key,Std,4096,0,6,19662000,8388608,51535413248,2.343893051147461
hashmap_miss,CJR,4096,0,0,34432000,8388608,8388608,4.1046142578125
hashmap_miss,Std,4096,0,0,27514000,16777216,16777216,1.6399621963500977
hashmap_miss,Std,4096,0,1,27944000,16777216,16777216,1.6655921936035156
hashmap_miss,CJR,4096,0,1,34154000,8388608,8388608,4.071474075317383
hashmap_miss,CJR,4096,0,2,34190000,8388608,8388608,4.075765609741211
hashmap_miss,Std,4096,0,2,27346000,16777216,16777216,1.629948616027832
hashmap_miss,Std,4096,0,3,27523000,16777216,16777216,1.6404986381530762
hashmap_miss,CJR,4096,0,3,34078000,8388608,8388608,4.062414169311523
hashmap_miss,CJR,4096,0,4,34217000,8388608,8388608,4.078984260559082
hashmap_miss,Std,4096,0,4,27503000,16777216,16777216,1.6393065452575684
hashmap_miss,Std,4096,0,5,28140000,16777216,16777216,1.6772747039794922
hashmap_miss,CJR,4096,0,5,34264000,8388608,8388608,4.084587097167969
hashmap_miss,CJR,4096,0,6,34700000,8388608,8388608,4.136562347412109
hashmap_miss,Std,4096,0,6,27764000,16777216,16777216,1.6548633575439453
hashmap_build_scan,CJR,4096,0,0,7010000,262144,1610481664,26.74102783203125
hashmap_build_scan,Std,4096,0,0,4716000,262144,1610481664,17.9901123046875
hashmap_build_scan,Std,4096,0,1,4703000,262144,1610481664,17.940521240234375
hashmap_build_scan,CJR,4096,0,1,6940000,262144,1610481664,26.4739990234375
hashmap_build_scan,CJR,4096,0,2,6898000,262144,1610481664,26.31378173828125
hashmap_build_scan,Std,4096,0,2,4821000,262144,1610481664,18.390655517578125
hashmap_build_scan,Std,4096,0,3,4582000,262144,1610481664,17.47894287109375
hashmap_build_scan,CJR,4096,0,3,6964000,262144,1610481664,26.5655517578125
hashmap_build_scan,CJR,4096,0,4,6960000,262144,1610481664,26.55029296875
hashmap_build_scan,Std,4096,0,4,15519000,262144,1610481664,59.200286865234375
hashmap_build_scan,Std,4096,0,5,4513000,262144,1610481664,17.215728759765625
hashmap_build_scan,CJR,4096,0,5,6990000,262144,1610481664,26.66473388671875
hashmap_build_scan,CJR,4096,0,6,6908000,262144,1610481664,26.3519287109375
hashmap_build_scan,Std,4096,0,6,4597000,262144,1610481664,17.536163330078125
hashmap_hit,CJR,16384,0,0,24632000,4194304,103077117952,5.8727264404296875
hashmap_hit,Std,16384,0,0,41485000,16777216,412308471808,2.47269868850708
hashmap_hit,Std,16384,0,1,40027000,16777216,412308471808,2.3857951164245605
hashmap_hit,CJR,16384,0,1,24858000,4194304,103077117952,5.926609039306641
hashmap_hit,CJR,16384,0,2,24531000,4194304,103077117952,5.84864616394043
hashmap_hit,Std,16384,0,2,40417000,16777216,412308471808,2.409040927886963
hashmap_hit,Std,16384,0,3,41710000,16777216,412308471808,2.486109733581543
hashmap_hit,CJR,16384,0,3,24882000,4194304,103077117952,5.932331085205078
hashmap_hit,CJR,16384,0,4,24472000,4194304,103077117952,5.8345794677734375
hashmap_hit,Std,16384,0,4,39664000,16777216,412308471808,2.3641586303710938
hashmap_hit,Std,16384,0,5,39099000,16777216,412308471808,2.330482006072998
hashmap_hit,CJR,16384,0,5,24638000,4194304,103077117952,5.874156951904297
hashmap_hit,CJR,16384,0,6,24440000,4194304,103077117952,5.8269500732421875
hashmap_hit,Std,16384,0,6,39280000,16777216,412308471808,2.3412704467773438
hashmap_wide_key,CJR,16384,0,0,35452000,2097152,51538558976,16.904830932617188
hashmap_wide_key,Std,16384,0,0,39334000,16777216,412308471808,2.344489097595215
hashmap_wide_key,Std,16384,0,1,39327000,16777216,412308471808,2.344071865081787
hashmap_wide_key,CJR,16384,0,1,36053000,2097152,51538558976,17.191410064697266
hashmap_wide_key,CJR,16384,0,2,37691000,2097152,51538558976,17.972469329833984
hashmap_wide_key,Std,16384,0,2,39548000,16777216,412308471808,2.3572444915771484
hashmap_wide_key,Std,16384,0,3,39346000,16777216,412308471808,2.3452043533325195
hashmap_wide_key,CJR,16384,0,3,39871000,2097152,51538558976,19.011974334716797
hashmap_wide_key,CJR,16384,0,4,38690000,2097152,51538558976,18.448829650878906
hashmap_wide_key,Std,16384,0,4,39417000,16777216,412308471808,2.3494362831115723
hashmap_wide_key,Std,16384,0,5,39930000,16777216,412308471808,2.3800134658813477
hashmap_wide_key,CJR,16384,0,5,36867000,2097152,51538558976,17.57955551147461
hashmap_wide_key,CJR,16384,0,6,37751000,2097152,51538558976,18.001079559326172
hashmap_wide_key,Std,16384,0,6,40756000,16777216,412308471808,2.4292469024658203
hashmap_miss,CJR,16384,0,0,33928000,8388608,8388608,4.044532775878906
hashmap_miss,Std,16384,0,0,28126000,16777216,16777216,1.6764402389526367
hashmap_miss,Std,16384,0,1,27868000,16777216,16777216,1.661062240600586
hashmap_miss,CJR,16384,0,1,34407000,8388608,8388608,4.1016340255737305
hashmap_miss,CJR,16384,0,2,34598000,8388608,8388608,4.12440299987793
hashmap_miss,Std,16384,0,2,28193000,16777216,16777216,1.680433750152588
hashmap_miss,Std,16384,0,3,27611000,16777216,16777216,1.6457438468933105
hashmap_miss,CJR,16384,0,3,33690000,8388608,8388608,4.01616096496582
hashmap_miss,CJR,16384,0,4,34707000,8388608,8388608,4.137396812438965
hashmap_miss,Std,16384,0,4,27363000,16777216,16777216,1.6309618949890137
hashmap_miss,Std,16384,0,5,27488000,16777216,16777216,1.6384124755859375
hashmap_miss,CJR,16384,0,5,33736000,8388608,8388608,4.021644592285156
hashmap_miss,CJR,16384,0,6,33993000,8388608,8388608,4.052281379699707
hashmap_miss,Std,16384,0,6,27799000,16777216,16777216,1.656949520111084
hashmap_build_scan,CJR,16384,0,0,6737000,262144,6442319872,25.699615478515625
hashmap_build_scan,Std,16384,0,0,5251000,262144,6442319872,20.030975341796875
hashmap_build_scan,Std,16384,0,1,4695000,262144,6442319872,17.910003662109375
hashmap_build_scan,CJR,16384,0,1,6806000,262144,6442319872,25.96282958984375
hashmap_build_scan,CJR,16384,0,2,6800000,262144,6442319872,25.93994140625
hashmap_build_scan,Std,16384,0,2,4623000,262144,6442319872,17.635345458984375
hashmap_build_scan,Std,16384,0,3,15471000,262144,6442319872,59.017181396484375
hashmap_build_scan,CJR,16384,0,3,6600000,262144,6442319872,25.177001953125
hashmap_build_scan,CJR,16384,0,4,6934000,262144,6442319872,26.45111083984375
hashmap_build_scan,Std,16384,0,4,4687000,262144,6442319872,17.879486083984375
hashmap_build_scan,Std,16384,0,5,4711000,262144,6442319872,17.971038818359375
hashmap_build_scan,CJR,16384,0,5,6664000,262144,6442319872,25.421142578125
hashmap_build_scan,CJR,16384,0,6,6662000,262144,6442319872,25.41351318359375
hashmap_build_scan,Std,16384,0,6,4816000,262144,6442319872,18.37158203125
hashmap_collision,CJR,256,0,0,36313000,32768,12566528,1108.184814453125
hashmap_collision,Std,256,0,0,26360000,262144,100532224,100.555419921875
hashmap_collision,Std,256,0,1,26328000,262144,100532224,100.433349609375
hashmap_collision,CJR,256,0,1,34994000,32768,12566528,1067.93212890625
hashmap_collision,CJR,256,0,2,35687000,32768,12566528,1089.080810546875
hashmap_collision,Std,256,0,2,26033000,262144,100532224,99.30801391601562
hashmap_collision,Std,256,0,3,26490000,262144,100532224,101.05133056640625
hashmap_collision,CJR,256,0,3,35090000,32768,12566528,1070.86181640625
hashmap_collision,CJR,256,0,4,35043000,32768,12566528,1069.427490234375
hashmap_collision,Std,256,0,4,25877000,262144,100532224,98.71292114257812
hashmap_collision,Std,256,0,5,26452000,262144,100532224,100.9063720703125
hashmap_collision,CJR,256,0,5,34997000,32768,12566528,1068.023681640625
hashmap_collision,CJR,256,0,6,35064000,32768,12566528,1070.068359375
hashmap_collision,Std,256,0,6,26697000,262144,100532224,101.84097290039062
hashmap_collision,CJR,1024,0,0,36547000,8192,12578816,4461.3037109375
hashmap_collision,Std,1024,0,0,34581000,131072,201261056,263.83209228515625
hashmap_collision,Std,1024,0,1,35001000,131072,201261056,267.03643798828125
hashmap_collision,CJR,1024,0,1,36451000,8192,12578816,4449.5849609375
hashmap_collision,CJR,1024,0,2,36395000,8192,12578816,4442.7490234375
hashmap_collision,Std,1024,0,2,35087000,131072,201261056,267.69256591796875
hashmap_collision,Std,1024,0,3,35552000,131072,201261056,271.240234375
hashmap_collision,CJR,1024,0,3,36185000,8192,12578816,4417.1142578125
hashmap_collision,CJR,1024,0,4,36505000,8192,12578816,4456.1767578125
hashmap_collision,Std,1024,0,4,35199000,131072,201261056,268.54705810546875
hashmap_collision,Std,1024,0,5,35878000,131072,201261056,273.7274169921875
hashmap_collision,CJR,1024,0,5,36406000,8192,12578816,4444.091796875
hashmap_collision,CJR,1024,0,6,36593000,8192,12578816,4466.9189453125
hashmap_collision,Std,1024,0,6,35045000,131072,201261056,267.37213134765625
hashmap_collision,CJR,4096,0,0,79320000,4096,25163776,19365.234375
hashmap_collision,Std,4096,0,0,32876000,32768,201310208,1003.2958984375
hashmap_collision,Std,4096,0,1,32830000,32768,201310208,1001.89208984375
hashmap_collision,CJR,4096,0,1,78826000,4096,25163776,19244.62890625
hashmap_collision,CJR,4096,0,2,79653000,4096,25163776,19446.533203125
hashmap_collision,Std,4096,0,2,33022000,32768,201310208,1007.75146484375
hashmap_collision,Std,4096,0,3,33441000,32768,201310208,1020.538330078125
hashmap_collision,CJR,4096,0,3,79647000,4096,25163776,19445.068359375
hashmap_collision,CJR,4096,0,4,79499000,4096,25163776,19408.935546875
hashmap_collision,Std,4096,0,4,32708000,32768,201310208,998.1689453125
hashmap_collision,Std,4096,0,5,32975000,32768,201310208,1006.317138671875
hashmap_collision,CJR,4096,0,5,79256000,4096,25163776,19349.609375
hashmap_collision,CJR,4096,0,6,79271000,4096,25163776,19353.271484375
hashmap_collision,Std,4096,0,6,32591000,32768,201310208,994.598388671875
hashmap_hit,CJR,256,1,0,24309000,4194304,1608515584,5.795717239379883
hashmap_hit,Std,256,1,0,20945000,8388608,3217031168,2.4968385696411133
hashmap_hit,Std,256,1,1,21185000,8388608,3217031168,2.525448799133301
hashmap_hit,CJR,256,1,1,24328000,4194304,1608515584,5.8002471923828125
hashmap_hit,CJR,256,1,2,24504000,4194304,1608515584,5.8422088623046875
hashmap_hit,Std,256,1,2,19668000,8388608,3217031168,2.3446083068847656
hashmap_hit,Std,256,1,3,19687000,8388608,3217031168,2.3468732833862305
hashmap_hit,CJR,256,1,3,24264000,4194304,1608515584,5.7849884033203125
hashmap_hit,CJR,256,1,4,24499000,4194304,1608515584,5.84101676940918
hashmap_hit,Std,256,1,4,20263000,8388608,3217031168,2.4155378341674805
hashmap_hit,Std,256,1,5,20942000,8388608,3217031168,2.496480941772461
hashmap_hit,CJR,256,1,5,24389000,4194304,1608515584,5.814790725708008
hashmap_hit,CJR,256,1,6,24369000,4194304,1608515584,5.810022354125977
hashmap_hit,Std,256,1,6,20519000,8388608,3217031168,2.4460554122924805
hashmap_wide_key,CJR,256,1,0,22538000,32768,12566528,687.80517578125
hashmap_wide_key,Std,256,1,0,20690000,8388608,3217031168,2.466440200805664
hashmap_wide_key,Std,256,1,1,21028000,8388608,3217031168,2.506732940673828
hashmap_wide_key,CJR,256,1,1,22299000,32768,12566528,680.511474609375
hashmap_wide_key,CJR,256,1,2,22383000,32768,12566528,683.074951171875
hashmap_wide_key,Std,256,1,2,21023000,8388608,3217031168,2.506136894226074
hashmap_wide_key,Std,256,1,3,20782000,8388608,3217031168,2.477407455444336
hashmap_wide_key,CJR,256,1,3,22014000,32768,12566528,671.81396484375
hashmap_wide_key,CJR,256,1,4,22203000,32768,12566528,677.581787109375
hashmap_wide_key,Std,256,1,4,20790000,8388608,3217031168,2.478361129760742
hashmap_wide_key,Std,256,1,5,20337000,8388608,3217031168,2.4243593215942383
hashmap_wide_key,CJR,256,1,5,21972000,32768,12566528,670.5322265625
hashmap_wide_key,CJR,256,1,6,22241000,32768,12566528,678.741455078125
hashmap_wide_key,Std,256,1,6,20604000,8388608,3217031168,2.456188201904297
hashmap_miss,CJR,256,1,0,33944000,8388608,8388608,4.046440124511719
hashmap_miss,Std,256,1,0,28441000,16777216,16777216,1.6952157020568848
hashmap_miss,Std,256,1,1,28328000,16777216,16777216,1.6884803771972656
hashmap_miss,CJR,256,1,1,34499000,8388608,8388608,4.112601280212402
hashmap_miss,CJR,256,1,2,33868000,8388608,8388608,4.037380218505859
hashmap_miss,Std,256,1,2,29275000,16777216,16777216,1.7449259757995605
hashmap_miss,Std,256,1,3,27899000,16777216,16777216,1.662909984588623
hashmap_miss,CJR,256,1,3,34087000,8388608,8388608,4.0634870529174805
hashmap_miss,CJR,256,1,4,34179000,8388608,8388608,4.074454307556152
hashmap_miss,Std,256,1,4,28638000,16777216,16777216,1.7069578170776367
hashmap_miss,Std,256,1,5,28903000,16777216,16777216,1.7227530479431152
hashmap_miss,CJR,256,1,5,34273000,8388608,8388608,4.085659980773926
hashmap_miss,CJR,256,1,6,34149000,8388608,8388608,4.070878028869629
hashmap_miss,Std,256,1,6,28798000,16777216,16777216,1.7164945602416992
hashmap_build_scan,CJR,256,1,0,7850000,262144,100532224,29.94537353515625
hashmap_build_scan,Std,256,1,0,4355000,262144,100532224,16.613006591796875
hashmap_build_scan,Std,256,1,1,4335000,262144,100532224,16.536712646484375
hashmap_build_scan,CJR,256,1,1,7816000,262144,100532224,29.815673828125
hashmap_build_scan,CJR,256,1,2,7761000,262144,100532224,29.605865478515625
hashmap_build_scan,Std,256,1,2,4468000,262144,100532224,17.0440673828125
hashmap_build_scan,Std,256,1,3,4661000,262144,100532224,17.780303955078125
hashmap_build_scan,CJR,256,1,3,7555000,262144,100532224,28.820037841796875
hashmap_build_scan,CJR,256,1,4,7424000,262144,100532224,28.3203125
hashmap_build_scan,Std,256,1,4,4532000,262144,100532224,17.2882080078125
hashmap_build_scan,Std,256,1,5,4399000,262144,100532224,16.780853271484375
hashmap_build_scan,CJR,256,1,5,7762000,262144,100532224,29.60968017578125
hashmap_build_scan,CJR,256,1,6,15106000,262144,100532224,57.62481689453125
hashmap_build_scan,Std,256,1,6,4540000,262144,100532224,17.3187255859375
hashmap_hit,CJR,4096,1,0,24465000,4194304,25767706624,5.832910537719727
hashmap_hit,Std,4096,1,0,20423000,8388608,51535413248,2.4346113204956055
hashmap_hit,Std,4096,1,1,19676000,8388608,51535413248,2.345561981201172
hashmap_hit,CJR,4096,1,1,24307000,4194304,25767706624,5.79524040222168
hashmap_hit,CJR,4096,1,2,24292000,4194304,25767706624,5.791664123535156
hashmap_hit,Std,4096,1,2,20330000,8388608,51535413248,2.423524856567383
hashmap_hit,Std,4096,1,3,19387000,8388608,51535413248,2.311110496520996
hashmap_hit,CJR,4096,1,3,24553000,4194304,25767706624,5.853891372680664
hashmap_hit,CJR,4096,1,4,24185000,4194304,25767706624,5.766153335571289
hashmap_hit,Std,4096,1,4,20104000,8388608,51535413248,2.3965835571289062
hashmap_hit,Std,4096,1,5,19844000,8388608,51535413248,2.365589141845703
hashmap_hit,CJR,4096,1,5,24671000,4194304,25767706624,5.882024765014648
hashmap_hit,CJR,4096,1,6,24609000,4194304,25767706624,5.867242813110352
hashmap_hit,Std,4096,1,6,19760000,8388608,51535413248,2.3555755615234375
hashmap_wide_key,CJR,4096,1,0,27072000,524288,3220963328,51.6357421875
hashmap_wide_key,Std,4096,1,0,39305000,16777216,103070826496,2.3427605628967285
hashmap_wide_key,Std,4096,1,1,39356000,16777216,103070826496,2.3458003997802734
hashmap_wide_key,CJR,4096,1,1,27029000,524288,3220963328,51.55372619628906
hashmap_wide_key,CJR,4096,1,2,27266000,524288,3220963328,52.005767822265625
hashmap_wide_key,Std,4096,1,2,39297000,16777216,103070826496,2.3422837257385254
hashmap_wide_key,Std,4096,1,3,39355000,16777216,103070826496,2.345740795135498
hashmap_wide_key,CJR,4096,1,3,26817000,524288,3220963328,51.14936828613281
hashmap_wide_key,CJR,4096,1,4,26930000,524288,3220963328,51.364898681640625
hashmap_wide_key,Std,4096,1,4,39740000,16777216,103070826496,2.3686885833740234
hashmap_wide_key,Std,4096,1,5,39815000,16777216,103070826496,2.3731589317321777
hashmap_wide_key,CJR,4096,1,5,26841000,524288,3220963328,51.19514465332031
hashmap_wide_key,CJR,4096,1,6,26757000,524288,3220963328,51.03492736816406
hashmap_wide_key,Std,4096,1,6,39993000,16777216,103070826496,2.3837685585021973
hashmap_miss,CJR,4096,1,0,34435000,8388608,8388608,4.104971885681152
hashmap_miss,Std,4096,1,0,27870000,16777216,16777216,1.6611814498901367
hashmap_miss,Std,4096,1,1,27722000,16777216,16777216,1.652359962463379
hashmap_miss,CJR,4096,1,1,34295000,8388608,8388608,4.088282585144043
hashmap_miss,CJR,4096,1,2,33955000,8388608,8388608,4.047751426696777
hashmap_miss,Std,4096,1,2,28270000,16777216,16777216,1.685023307800293
hashmap_miss,Std,4096,1,3,28295000,16777216,16777216,1.6865134239196777
hashmap_miss,CJR,4096,1,3,34314000,8388608,8388608,4.090547561645508
hashmap_miss,CJR,4096,1,4,34563000,8388608,8388608,4.120230674743652
hashmap_miss,Std,4096,1,4,27838000,16777216,16777216,1.6592741012573242
hashmap_miss,Std,4096,1,5,27813000,16777216,16777216,1.6577839851379395
hashmap_miss,CJR,4096,1,5,34523000,8388608,8388608,4.115462303161621
hashmap_miss,CJR,4096,1,6,34740000,8388608,8388608,4.141330718994141
hashmap_miss,Std,4096,1,6,28057000,16777216,16777216,1.6723275184631348
hashmap_build_scan,CJR,4096,1,0,6901000,262144,1610481664,26.325225830078125
hashmap_build_scan,Std,4096,1,0,4591000,262144,1610481664,17.513275146484375
hashmap_build_scan,Std,4096,1,1,4509000,262144,1610481664,17.200469970703125
hashmap_build_scan,CJR,4096,1,1,7027000,262144,1610481664,26.805877685546875
hashmap_build_scan,CJR,4096,1,2,6955000,262144,1610481664,26.531219482421875
hashmap_build_scan,Std,4096,1,2,4633000,262144,1610481664,17.673492431640625
hashmap_build_scan,Std,4096,1,3,4714000,262144,1610481664,17.98248291015625
hashmap_build_scan,CJR,4096,1,3,6899000,262144,1610481664,26.317596435546875
hashmap_build_scan,CJR,4096,1,4,6906000,262144,1610481664,26.34429931640625
hashmap_build_scan,Std,4096,1,4,12774000,262144,1610481664,48.72894287109375
hashmap_build_scan,Std,4096,1,5,4524000,262144,1610481664,17.2576904296875
hashmap_build_scan,CJR,4096,1,5,7041000,262144,1610481664,26.859283447265625
hashmap_build_scan,CJR,4096,1,6,6740000,262144,1610481664,25.7110595703125
hashmap_build_scan,Std,4096,1,6,4532000,262144,1610481664,17.2882080078125
hashmap_hit,CJR,16384,1,0,24761000,4194304,103077117952,5.903482437133789
hashmap_hit,Std,16384,1,0,19672000,8388608,206154235904,2.3450851440429688
hashmap_hit,Std,16384,1,1,19799000,8388608,206154235904,2.360224723815918
hashmap_hit,CJR,16384,1,1,24849000,4194304,103077117952,5.924463272094727
hashmap_hit,CJR,16384,1,2,24383000,4194304,103077117952,5.813360214233398
hashmap_hit,Std,16384,1,2,20596000,8388608,206154235904,2.4552345275878906
hashmap_hit,Std,16384,1,3,19750000,8388608,206154235904,2.3543834686279297
hashmap_hit,CJR,16384,1,3,24857000,4194304,103077117952,5.926370620727539
hashmap_hit,CJR,16384,1,4,24600000,4194304,103077117952,5.8650970458984375
hashmap_hit,Std,16384,1,4,20852000,8388608,206154235904,2.4857521057128906
hashmap_hit,Std,16384,1,5,20031000,8388608,206154235904,2.387881278991699
hashmap_hit,CJR,16384,1,5,24793000,4194304,103077117952,5.911111831665039
hashmap_hit,CJR,16384,1,6,24503000,4194304,103077117952,5.841970443725586
hashmap_hit,Std,16384,1,6,20402000,8388608,206154235904,2.432107925415039
hashmap_wide_key,CJR,16384,1,0,37382000,2097152,51538558976,17.82512664794922
hashmap_wide_key,Std,16384,1,0,39577000,16777216,412308471808,2.3589730262756348
hashmap_wide_key,Std,16384,1,1,39742000,16777216,412308471808,2.368807792663574
hashmap_wide_key,CJR,16384,1,1,37404000,2097152,51538558976,17.835617065429688
hashmap_wide_key,CJR,16384,1,2,37879000,2097152,51538558976,18.062114715576172
hashmap_wide_key,Std,16384,1,2,40629000,16777216,412308471808,2.4216771125793457
hashmap_wide_key,Std,16384,1,3,40340000,16777216,412308471808,2.404451370239258
hashmap_wide_key,CJR,16384,1,3,37295000,2097152,51538558976,17.783641815185547
hashmap_wide_key,CJR,16384,1,4,37450000,2097152,51538558976,17.85755157470703
hashmap_wide_key,Std,16384,1,4,40095000,16777216,412308471808,2.389848232269287
hashmap_wide_key,Std,16384,1,5,41184000,16777216,412308471808,2.4547576904296875
hashmap_wide_key,CJR,16384,1,5,38049000,2097152,51538558976,18.143177032470703
hashmap_wide_key,CJR,16384,1,6,38817000,2097152,51538558976,18.509387969970703
hashmap_wide_key,Std,16384,1,6,41247000,16777216,412308471808,2.458512783050537
hashmap_miss,CJR,16384,1,0,33968000,8388608,8388608,4.0493011474609375
hashmap_miss,Std,16384,1,0,28004000,16777216,16777216,1.669168472290039
hashmap_miss,Std,16384,1,1,28088000,16777216,16777216,1.6741752624511719
hashmap_miss,CJR,16384,1,1,34641000,8388608,8388608,4.129528999328613
hashmap_miss,CJR,16384,1,2,34535000,8388608,8388608,4.1168928146362305
hashmap_miss,Std,16384,1,2,27777000,16777216,16777216,1.6556382179260254
hashmap_miss,Std,16384,1,3,27695000,16777216,16777216,1.6507506370544434
hashmap_miss,CJR,16384,1,3,33949000,8388608,8388608,4.047036170959473
hashmap_miss,CJR,16384,1,4,34532000,8388608,8388608,4.116535186767578
hashmap_miss,Std,16384,1,4,27939000,16777216,16777216,1.6652941703796387
hashmap_miss,Std,16384,1,5,28129000,16777216,16777216,1.676619052886963
hashmap_miss,CJR,16384,1,5,34778000,8388608,8388608,4.14586067199707
hashmap_miss,CJR,16384,1,6,34628000,8388608,8388608,4.127979278564453
hashmap_miss,Std,16384,1,6,27830000,16777216,16777216,1.658797264099121
hashmap_build_scan,CJR,16384,1,0,6641000,262144,6442319872,25.333404541015625
hashmap_build_scan,Std,16384,1,0,4799000,262144,6442319872,18.306732177734375
hashmap_build_scan,Std,16384,1,1,4742000,262144,6442319872,18.08929443359375
hashmap_build_scan,CJR,16384,1,1,6676000,262144,6442319872,25.4669189453125
hashmap_build_scan,CJR,16384,1,2,6609000,262144,6442319872,25.211334228515625
hashmap_build_scan,Std,16384,1,2,4842000,262144,6442319872,18.47076416015625
hashmap_build_scan,Std,16384,1,3,13818000,262144,6442319872,52.71148681640625
hashmap_build_scan,CJR,16384,1,3,6617000,262144,6442319872,25.241851806640625
hashmap_build_scan,CJR,16384,1,4,6697000,262144,6442319872,25.547027587890625
hashmap_build_scan,Std,16384,1,4,4919000,262144,6442319872,18.764495849609375
hashmap_build_scan,Std,16384,1,5,4835000,262144,6442319872,18.444061279296875
hashmap_build_scan,CJR,16384,1,5,6654000,262144,6442319872,25.38299560546875
hashmap_build_scan,CJR,16384,1,6,6574000,262144,6442319872,25.07781982421875
hashmap_build_scan,Std,16384,1,6,4832000,262144,6442319872,18.4326171875
hashmap_collision,CJR,256,1,0,35657000,32768,12566528,1088.165283203125
hashmap_collision,Std,256,1,0,26374000,262144,100532224,100.60882568359375
hashmap_collision,Std,256,1,1,26110000,262144,100532224,99.60174560546875
hashmap_collision,CJR,256,1,1,35744000,32768,12566528,1090.8203125
hashmap_collision,CJR,256,1,2,35012000,32768,12566528,1068.4814453125
hashmap_collision,Std,256,1,2,26066000,262144,100532224,99.43389892578125
hashmap_collision,Std,256,1,3,26244000,262144,100532224,100.1129150390625
hashmap_collision,CJR,256,1,3,35237000,32768,12566528,1075.347900390625
hashmap_collision,CJR,256,1,4,35537000,32768,12566528,1084.503173828125
hashmap_collision,Std,256,1,4,28872000,262144,100532224,110.137939453125
hashmap_collision,Std,256,1,5,26314000,262144,100532224,100.37994384765625
hashmap_collision,CJR,256,1,5,35250000,32768,12566528,1075.74462890625
hashmap_collision,CJR,256,1,6,35972000,32768,12566528,1097.7783203125
hashmap_collision,Std,256,1,6,26068000,262144,100532224,99.4415283203125
hashmap_collision,CJR,1024,1,0,36795000,8192,12578816,4491.5771484375
hashmap_collision,Std,1024,1,0,35663000,131072,201261056,272.08709716796875
hashmap_collision,Std,1024,1,1,35471000,131072,201261056,270.62225341796875
hashmap_collision,CJR,1024,1,1,36402000,8192,12578816,4443.603515625
hashmap_collision,CJR,1024,1,2,36777000,8192,12578816,4489.3798828125
hashmap_collision,Std,1024,1,2,34689000,131072,201261056,264.65606689453125
hashmap_collision,Std,1024,1,3,35157000,131072,201261056,268.22662353515625
hashmap_collision,CJR,1024,1,3,36826000,8192,12578816,4495.361328125
hashmap_collision,CJR,1024,1,4,36386000,8192,12578816,4441.650390625
hashmap_collision,Std,1024,1,4,35232000,131072,201261056,268.798828125
hashmap_collision,Std,1024,1,5,35027000,131072,201261056,267.23480224609375
hashmap_collision,CJR,1024,1,5,36546000,8192,12578816,4461.181640625
hashmap_collision,CJR,1024,1,6,37326000,8192,12578816,4556.396484375
hashmap_collision,Std,1024,1,6,34546000,131072,201261056,263.5650634765625
hashmap_collision,CJR,4096,1,0,79289000,4096,25163776,19357.666015625
hashmap_collision,Std,4096,1,0,32748000,32768,201310208,999.3896484375
hashmap_collision,Std,4096,1,1,33168000,32768,201310208,1012.20703125
hashmap_collision,CJR,4096,1,1,79358000,4096,25163776,19374.51171875
hashmap_collision,CJR,4096,1,2,78951000,4096,25163776,19275.146484375
hashmap_collision,Std,4096,1,2,32885000,32768,201310208,1003.570556640625
hashmap_collision,Std,4096,1,3,33559000,32768,201310208,1024.139404296875
hashmap_collision,CJR,4096,1,3,79702000,4096,25163776,19458.49609375
hashmap_collision,CJR,4096,1,4,79671000,4096,25163776,19450.927734375
hashmap_collision,Std,4096,1,4,33065000,32768,201310208,1009.063720703125
hashmap_collision,Std,4096,1,5,33809000,32768,201310208,1031.768798828125
hashmap_collision,CJR,4096,1,5,80863000,4096,25163776,19741.943359375
hashmap_collision,CJR,4096,1,6,81072000,4096,25163776,19792.96875
hashmap_collision,Std,4096,1,6,33236000,32768,201310208,1014.2822265625
hashmap_hit,CJR,256,2,0,24523000,4194304,1608515584,5.846738815307617
hashmap_hit,Std,256,2,0,21478000,8388608,3217031168,2.5603771209716797
hashmap_hit,Std,256,2,1,20889000,8388608,3217031168,2.4901628494262695
hashmap_hit,CJR,256,2,1,24392000,4194304,1608515584,5.8155059814453125
hashmap_hit,CJR,256,2,2,24418000,4194304,1608515584,5.821704864501953
hashmap_hit,Std,256,2,2,20897000,8388608,3217031168,2.491116523742676
hashmap_hit,Std,256,2,3,20956000,8388608,3217031168,2.498149871826172
hashmap_hit,CJR,256,2,3,24487000,4194304,1608515584,5.838155746459961
hashmap_hit,CJR,256,2,4,24428000,4194304,1608515584,5.824089050292969
hashmap_hit,Std,256,2,4,21076000,8388608,3217031168,2.5124549865722656
hashmap_hit,Std,256,2,5,21051000,8388608,3217031168,2.509474754333496
hashmap_hit,CJR,256,2,5,24577000,4194304,1608515584,5.859613418579102
hashmap_hit,CJR,256,2,6,24392000,4194304,1608515584,5.8155059814453125
hashmap_hit,Std,256,2,6,19762000,8388608,3217031168,2.355813980102539
hashmap_wide_key,CJR,256,2,0,22094000,32768,12566528,674.25537109375
hashmap_wide_key,Std,256,2,0,39386000,16777216,6434062336,2.347588539123535
hashmap_wide_key,Std,256,2,1,39686000,16777216,6434062336,2.3654699325561523
hashmap_wide_key,CJR,256,2,1,22323000,32768,12566528,681.243896484375
hashmap_wide_key,CJR,256,2,2,22352000,32768,12566528,682.12890625
hashmap_wide_key,Std,256,2,2,39994000,16777216,6434062336,2.3838281631469727
hashmap_wide_key,Std,256,2,3,39869000,16777216,6434062336,2.376377582550049
hashmap_wide_key,CJR,256,2,3,22107000,32768,12566528,674.652099609375
hashmap_wide_key,CJR,256,2,4,22433000,32768,12566528,684.600830078125
hashmap_wide_key,Std,256,2,4,39909000,16777216,6434062336,2.3787617683410645
hashmap_wide_key,Std,256,2,5,39718000,16777216,6434062336,2.367377281188965
hashmap_wide_key,CJR,256,2,5,22168000,32768,12566528,676.513671875
hashmap_wide_key,CJR,256,2,6,22615000,32768,12566528,690.155029296875
hashmap_wide_key,Std,256,2,6,42169000,16777216,6434062336,2.5134682655334473
hashmap_miss,CJR,256,2,0,32638000,8388608,8388608,3.8907527923583984
hashmap_miss,Std,256,2,0,28568000,16777216,16777216,1.7027854919433594
hashmap_miss,Std,256,2,1,28867000,16777216,16777216,1.7206072807312012
hashmap_miss,CJR,256,2,1,32508000,8388608,8388608,3.875255584716797
hashmap_miss,CJR,256,2,2,32562000,8388608,8388608,3.881692886352539
hashmap_miss,Std,256,2,2,28529000,16777216,16777216,1.7004609107971191
hashmap_miss,Std,256,2,3,28639000,16777216,16777216,1.707017421722412
hashmap_miss,CJR,256,2,3,32555000,8388608,8388608,3.8808584213256836
hashmap_miss,CJR,256,2,4,32366000,8388608,8388608,3.858327865600586
hashmap_miss,Std,256,2,4,28610000,16777216,16777216,1.7052888870239258
hashmap_miss,Std,256,2,5,28177000,16777216,16777216,1.6794800758361816
hashmap_miss,CJR,256,2,5,32495000,8388608,8388608,3.8737058639526367
hashmap_miss,CJR,256,2,6,33933000,8388608,8388608,4.04512882232666
hashmap_miss,Std,256,2,6,28536000,16777216,16777216,1.7008781433105469
hashmap_build_scan,CJR,256,2,0,7640000,262144,100532224,29.144287109375
hashmap_build_scan,Std,256,2,0,4379000,262144,100532224,16.704559326171875
hashmap_build_scan,Std,256,2,1,4305000,262144,100532224,16.422271728515625
hashmap_build_scan,CJR,256,2,1,7865000,262144,100532224,30.002593994140625
hashmap_build_scan,CJR,256,2,2,7640000,262144,100532224,29.144287109375
hashmap_build_scan,Std,256,2,2,4394000,262144,100532224,16.76177978515625
hashmap_build_scan,Std,256,2,3,4650000,262144,100532224,17.73834228515625
hashmap_build_scan,CJR,256,2,3,7634000,262144,100532224,29.12139892578125
hashmap_build_scan,CJR,256,2,4,7613000,262144,100532224,29.041290283203125
hashmap_build_scan,Std,256,2,4,4493000,262144,100532224,17.139434814453125
hashmap_build_scan,Std,256,2,5,4363000,262144,100532224,16.643524169921875
hashmap_build_scan,CJR,256,2,5,7492000,262144,100532224,28.5797119140625
hashmap_build_scan,CJR,256,2,6,17173000,262144,100532224,65.50979614257812
hashmap_build_scan,Std,256,2,6,4470000,262144,100532224,17.05169677734375
hashmap_hit,CJR,4096,2,0,24467000,4194304,25767706624,5.83338737487793
hashmap_hit,Std,4096,2,0,20757000,8388608,51535413248,2.4744272232055664
hashmap_hit,Std,4096,2,1,20878000,8388608,51535413248,2.488851547241211
hashmap_hit,CJR,4096,2,1,24431000,4194304,25767706624,5.824804306030273
hashmap_hit,CJR,4096,2,2,24526000,4194304,25767706624,5.847454071044922
hashmap_hit,Std,4096,2,2,19910000,8388608,51535413248,2.3734569549560547
hashmap_hit,Std,4096,2,3,19874000,8388608,51535413248,2.3691654205322266
hashmap_hit,CJR,4096,2,3,24362000,4194304,25767706624,5.808353424072266
hashmap_hit,CJR,4096,2,4,24471000,4194304,25767706624,5.834341049194336
hashmap_hit,Std,4096,2,4,20538000,8388608,51535413248,2.4483203887939453
hashmap_hit,Std,4096,2,5,19742000,8388608,51535413248,2.3534297943115234
hashmap_hit,CJR,4096,2,5,24560000,4194304,25767706624,5.855560302734375
hashmap_hit,CJR,4096,2,6,24637000,4194304,25767706624,5.873918533325195
hashmap_hit,Std,4096,2,6,19841000,8388608,51535413248,2.365231513977051
hashmap_wide_key,CJR,4096,2,0,27217000,524288,3220963328,51.91230773925781
hashmap_wide_key,Std,4096,2,0,41631000,16777216,103070826496,2.481400966644287
hashmap_wide_key,Std,4096,2,1,39791000,16777216,103070826496,2.3717284202575684
hashmap_wide_key,CJR,4096,2,1,27148000,524288,3220963328,51.78070068359375
hashmap_wide_key,CJR,4096,2,2,27099000,524288,3220963328,51.68724060058594
hashmap_wide_key,Std,4096,2,2,40530000,16777216,103070826496,2.415776252746582
hashmap_wide_key,Std,4096,2,3,41216000,16777216,103070826496,2.4566650390625
hashmap_wide_key,CJR,4096,2,3,26980000,524288,3220963328,51.46026611328125
hashmap_wide_key,CJR,4096,2,4,26593000,524288,3220963328,50.72212219238281
hashmap_wide_key,Std,4096,2,4,40270000,16777216,103070826496,2.4002790451049805
hashmap_wide_key,Std,4096,2,5,39962000,16777216,103070826496,2.38192081451416
hashmap_wide_key,CJR,4096,2,5,26911000,524288,3220963328,51.32865905761719
hashmap_wide_key,CJR,4096,2,6,26831000,524288,3220963328,51.17607116699219
hashmap_wide_key,Std,4096,2,6,40090000,16777216,103070826496,2.38955020904541
hashmap_miss,CJR,4096,2,0,34231000,8388608,8388608,4.080653190612793
hashmap_miss,Std,4096,2,0,27879000,16777216,16777216,1.6617178916931152
hashmap_miss,Std,4096,2,1,27716000,16777216,16777216,1.6520023345947266
hashmap_miss,CJR,4096,2,1,34560000,8388608,8388608,4.119873046875
hashmap_miss,CJR,4096,2,2,34563000,8388608,8388608,4.120230674743652
hashmap_miss,Std,4096,2,2,27961000,16777216,16777216,1.6666054725646973
hashmap_miss,Std,4096,2,3,27918000,16777216,16777216,1.6640424728393555
hashmap_miss,CJR,4096,2,3,34591000,8388608,8388608,4.123568534851074
hashmap_miss,CJR,4096,2,4,34527000,8388608,8388608,4.115939140319824
hashmap_miss,Std,4096,2,4,27958000,16777216,16777216,1.666426658630371
hashmap_miss,Std,4096,2,5,28097000,16777216,16777216,1.6747117042541504
hashmap_miss,CJR,4096,2,5,34159000,8388608,8388608,4.072070121765137
hashmap_miss,CJR,4096,2,6,34142000,8388608,8388608,4.070043563842773
hashmap_miss,Std,4096,2,6,27825000,16777216,16777216,1.6584992408752441
hashmap_build_scan,CJR,4096,2,0,6953000,262144,1610481664,26.523590087890625
hashmap_build_scan,Std,4096,2,0,5719000,262144,1610481664,21.816253662109375
hashmap_build_scan,Std,4096,2,1,4691000,262144,1610481664,17.894744873046875
hashmap_build_scan,CJR,4096,2,1,6862000,262144,1610481664,26.17645263671875
hashmap_build_scan,CJR,4096,2,2,6810000,262144,1610481664,25.97808837890625
hashmap_build_scan,Std,4096,2,2,4683000,262144,1610481664,17.864227294921875
hashmap_build_scan,Std,4096,2,3,4614000,262144,1610481664,17.60101318359375
hashmap_build_scan,CJR,4096,2,3,7067000,262144,1610481664,26.958465576171875
hashmap_build_scan,CJR,4096,2,4,7002000,262144,1610481664,26.71051025390625
hashmap_build_scan,Std,4096,2,4,13079000,262144,1610481664,49.892425537109375
hashmap_build_scan,Std,4096,2,5,4442000,262144,1610481664,16.94488525390625
hashmap_build_scan,CJR,4096,2,5,6842000,262144,1610481664,26.10015869140625
hashmap_build_scan,CJR,4096,2,6,6911000,262144,1610481664,26.363372802734375
hashmap_build_scan,Std,4096,2,6,4706000,262144,1610481664,17.95196533203125
hashmap_hit,CJR,16384,2,0,24312000,4194304,103077117952,5.7964324951171875
hashmap_hit,Std,16384,2,0,19614000,8388608,206154235904,2.3381710052490234
hashmap_hit,Std,16384,2,1,19859000,8388608,206154235904,2.367377281188965
hashmap_hit,CJR,16384,2,1,24395000,4194304,103077117952,5.816221237182617
hashmap_hit,CJR,16384,2,2,24555000,4194304,103077117952,5.854368209838867
hashmap_hit,Std,16384,2,2,20318000,8388608,206154235904,2.4220943450927734
hashmap_hit,Std,16384,2,3,19778000,8388608,206154235904,2.3577213287353516
hashmap_hit,CJR,16384,2,3,24387000,4194304,103077117952,5.814313888549805
hashmap_hit,CJR,16384,2,4,24575000,4194304,103077117952,5.859136581420898
hashmap_hit,Std,16384,2,4,20649000,8388608,206154235904,2.461552619934082
hashmap_hit,Std,16384,2,5,20817000,8388608,206154235904,2.4815797805786133
hashmap_hit,CJR,16384,2,5,24444000,4194304,103077117952,5.827903747558594
hashmap_hit,CJR,16384,2,6,24465000,4194304,103077117952,5.832910537719727
hashmap_hit,Std,16384,2,6,20042000,8388608,206154235904,2.389192581176758
hashmap_wide_key,CJR,16384,2,0,38124000,2097152,51538558976,18.178939819335938
hashmap_wide_key,Std,16384,2,0,20819000,8388608,206154235904,2.481818199157715
hashmap_wide_key,Std,16384,2,1,20805000,8388608,206154235904,2.480149269104004
hashmap_wide_key,CJR,16384,2,1,36594000,2097152,51538558976,17.449378967285156
hashmap_wide_key,CJR,16384,2,2,36548000,2097152,51538558976,17.427444458007812
hashmap_wide_key,Std,16384,2,2,20835000,8388608,206154235904,2.4837255477905273
hashmap_wide_key,Std,16384,2,3,20642000,8388608,206154235904,2.4607181549072266
hashmap_wide_key,CJR,16384,2,3,35335000,2097152,51538558976,16.849040985107422
hashmap_wide_key,CJR,16384,2,4,37646000,2097152,51538558976,17.951011657714844
hashmap_wide_key,Std,16384,2,4,19712000,8388608,206154235904,2.349853515625
hashmap_wide_key,Std,16384,2,5,19833000,8388608,206154235904,2.3642778396606445
hashmap_wide_key,CJR,16384,2,5,35005000,2097152,51538558976,16.69168472290039
hashmap_wide_key,CJR,16384,2,6,34847000,2097152,51538558976,16.616344451904297
hashmap_wide_key,Std,16384,2,6,20183000,8388608,206154235904,2.406001091003418
hashmap_miss,CJR,16384,2,0,34429000,8388608,8388608,4.104256629943848
hashmap_miss,Std,16384,2,0,27652000,16777216,16777216,1.6481876373291016
hashmap_miss,Std,16384,2,1,27973000,16777216,16777216,1.667320728302002
hashmap_miss,CJR,16384,2,1,33421000,8388608,8388608,3.98409366607666
hashmap_miss,CJR,16384,2,2,34285000,8388608,8388608,4.087090492248535
hashmap_miss,Std,16384,2,2,28021000,16777216,16777216,1.6701817512512207
hashmap_miss,Std,16384,2,3,28646000,16777216,16777216,1.7074346542358398
hashmap_miss,CJR,16384,2,3,34597000,8388608,8388608,4.124283790588379
hashmap_miss,CJR,16384,2,4,33674000,8388608,8388608,4.014253616333008
hashmap_miss,Std,16384,2,4,28158000,16777216,16777216,1.6783475875854492
hashmap_miss,Std,16384,2,5,27631000,16777216,16777216,1.6469359397888184
hashmap_miss,CJR,16384,2,5,33094000,8388608,8388608,3.9451122283935547
hashmap_miss,CJR,16384,2,6,33219000,8388608,8388608,3.9600133895874023
hashmap_miss,Std,16384,2,6,27931000,16777216,16777216,1.6648173332214355
hashmap_build_scan,CJR,16384,2,0,6867000,262144,6442319872,26.195526123046875
hashmap_build_scan,Std,16384,2,0,4946000,262144,6442319872,18.86749267578125
hashmap_build_scan,Std,16384,2,1,4800000,262144,6442319872,18.310546875
hashmap_build_scan,CJR,16384,2,1,6837000,262144,6442319872,26.081085205078125
hashmap_build_scan,CJR,16384,2,2,6671000,262144,6442319872,25.447845458984375
hashmap_build_scan,Std,16384,2,2,4788000,262144,6442319872,18.2647705078125
hashmap_build_scan,Std,16384,2,3,13928000,262144,6442319872,53.131103515625
hashmap_build_scan,CJR,16384,2,3,6633000,262144,6442319872,25.302886962890625
hashmap_build_scan,CJR,16384,2,4,6735000,262144,6442319872,25.691986083984375
hashmap_build_scan,Std,16384,2,4,4896000,262144,6442319872,18.6767578125
hashmap_build_scan,Std,16384,2,5,4800000,262144,6442319872,18.310546875
hashmap_build_scan,CJR,16384,2,5,6786000,262144,6442319872,25.88653564453125
hashmap_build_scan,CJR,16384,2,6,6824000,262144,6442319872,26.031494140625
hashmap_build_scan,Std,16384,2,6,4839000,262144,6442319872,18.459320068359375
hashmap_collision,CJR,256,2,0,35723000,32768,12566528,1090.179443359375
hashmap_collision,Std,256,2,0,25762000,262144,100532224,98.27423095703125
hashmap_collision,Std,256,2,1,26368000,262144,100532224,100.5859375
hashmap_collision,CJR,256,2,1,35234000,32768,12566528,1075.25634765625
hashmap_collision,CJR,256,2,2,35618000,32768,12566528,1086.97509765625
hashmap_collision,Std,256,2,2,26514000,262144,100532224,101.14288330078125
hashmap_collision,Std,256,2,3,26148000,262144,100532224,99.7467041015625
hashmap_collision,CJR,256,2,3,35415000,32768,12566528,1080.780029296875
hashmap_collision,CJR,256,2,4,35413000,32768,12566528,1080.718994140625
hashmap_collision,Std,256,2,4,26148000,262144,100532224,99.7467041015625
hashmap_collision,Std,256,2,5,26382000,262144,100532224,100.63934326171875
hashmap_collision,CJR,256,2,5,35220000,32768,12566528,1074.8291015625
hashmap_collision,CJR,256,2,6,34951000,32768,12566528,1066.619873046875
hashmap_collision,Std,256,2,6,26103000,262144,100532224,99.57504272460938
hashmap_collision,CJR,1024,2,0,36231000,8192,12578816,4422.7294921875
hashmap_collision,Std,1024,2,0,34887000,131072,201261056,266.16668701171875
hashmap_collision,Std,1024,2,1,35210000,131072,201261056,268.6309814453125
hashmap_collision,CJR,1024,2,1,37092000,8192,12578816,4527.83203125
hashmap_collision,CJR,1024,2,2,38196000,8192,12578816,4662.59765625
hashmap_collision,Std,1024,2,2,35533000,131072,201261056,271.09527587890625
hashmap_collision,Std,1024,2,3,35447000,131072,201261056,270.43914794921875
hashmap_collision,CJR,1024,2,3,36756000,8192,12578816,4486.81640625
hashmap_collision,CJR,1024,2,4,36293000,8192,12578816,4430.2978515625
hashmap_collision,Std,1024,2,4,35104000,131072,201261056,267.822265625
hashmap_collision,Std,1024,2,5,35592000,131072,201261056,271.54541015625
hashmap_collision,CJR,1024,2,5,37165000,8192,12578816,4536.7431640625
hashmap_collision,CJR,1024,2,6,36963000,8192,12578816,4512.0849609375
hashmap_collision,Std,1024,2,6,34834000,131072,201261056,265.7623291015625
hashmap_collision,CJR,4096,2,0,80185000,4096,25163776,19576.416015625
hashmap_collision,Std,4096,2,0,32959000,32768,201310208,1005.828857421875
hashmap_collision,Std,4096,2,1,33103000,32768,201310208,1010.223388671875
hashmap_collision,CJR,4096,2,1,79518000,4096,25163776,19413.57421875
hashmap_collision,CJR,4096,2,2,80324000,4096,25163776,19610.3515625
hashmap_collision,Std,4096,2,2,32852000,32768,201310208,1002.5634765625
hashmap_collision,Std,4096,2,3,33079000,32768,201310208,1009.490966796875
hashmap_collision,CJR,4096,2,3,79425000,4096,25163776,19390.869140625
hashmap_collision,CJR,4096,2,4,79800000,4096,25163776,19482.421875
hashmap_collision,Std,4096,2,4,32706000,32768,201310208,998.10791015625
hashmap_collision,Std,4096,2,5,33371000,32768,201310208,1018.402099609375
hashmap_collision,CJR,4096,2,5,80550000,4096,25163776,19665.52734375
hashmap_collision,CJR,4096,2,6,80906000,4096,25163776,19752.44140625
hashmap_collision,Std,4096,2,6,32776000,32768,201310208,1000.244140625
